"","trial_num","block_num","trial_num_in_block","cursor_visibility","trial_type","rotation","1","2","3","4","5","6","7"
"1",1,1,1,"True","aligned_1_1",0,0,-12.3807569288072,0.545657593415726,-11.5448874877565,-39.3025692283412,-2.95794152905943,18.0496804158258
"2",2,1,2,"True","aligned_1_1",0,-5.78239232236403,-2.96945384165993,0.370841290828068,8.15178066546096,14.0362434679265,-8.07948772110926,-2.68639475436078
"3",3,1,3,"True","aligned_1_1",0,-2.12765723248678,-13.9154514202223,-6.99334538680613,-0.939190945735575,-5.44922612896465,-9.64804531609816,-2.48236669608512
"4",4,1,4,"True","aligned_1_1",0,0.166557029421455,-2.99530328760274,-1.42763667456023,-2.97802065194975,-10.3684554123951,-12.7879726548023,-5.10216525235818
"5",5,1,5,"True","aligned_1_1",0,-4.11106460397912,-5.95983911071306,1.13281975836748,0.640149669523538,-45,-12.4318606282151,-28.2016282186947
"6",6,1,6,"True","aligned_1_1",0,-2.37076433025038,-8.95370462763415,7.64604814531847,-1.56935480474897,1.83150840800732,-14.7967622450573,-9.55428967240177
"7",7,1,7,"True","aligned_1_1",0,-3.57633437499734,-16.9509341472599,7.35839908875371,1.05118074954376,-3.29520995285105,-20.34217618857,-4.03341107277019
"8",8,1,8,"True","aligned_1_1",0,-3.52851617585672,-7.26805116466979,12.8201396705083,2.65936801312291,-12.2647737278924,-13.3052365060911,-13.9444969018057
"9",9,1,9,"True","aligned_1_1",0,2.28359108156705,2.6942842898561,-1.1077913766686,13.552189259089,-6.97761849083169,-9.83356396420712,-15.5142273019216
"10",10,1,10,"True","aligned_1_1",0,-5.07960786001458,-8.3390194939502,5.44865144135987,-11.9506472668461,-1.62728332239359,-14.7626169692944,-16.9354017849444
"11",11,1,11,"True","aligned_1_1",0,-2.92734799174087,-1.39718102729637,5.96448710125314,-5.1050904465923,-2.17474411461005,-4.60212146902427,-14.8313858509425
"12",12,1,12,"True","aligned_1_1",0,-3.54147586408041,-8.1085382680409,-1.1077913766686,0,3.44085692222971,-5.97001598085703,-10.105036365038
"13",13,1,13,"True","aligned_1_1",0,-0.54393093279144,-10.1755108430432,2.21569583658922,-0.722936768437506,-4.48785186154167,-5.72837581213446,-11.6829466018182
"14",14,1,14,"True","aligned_1_1",0,-9.40634198205449,-3.15071641326774,-2.05103841709088,-7.34219434897607,-0.164642591407457,-13.6987170070845,-15.1577873479064
"15",15,1,15,"True","aligned_1_1",0,-12.0827905401115,-8.58049432262807,-1.2801395596049,-6.13361985347039,-4.96974072811031,-13.4486150516865,-3.90049374238188
"16",16,1,16,"True","aligned_1_1",0,-9.43205502673486,-7.39959465988711,-4.46715906138927,-11.2744990960309,6.11550356628541,-3.23254011374586,-6.45246288800251
"17",17,1,17,"True","aligned_1_1",0,-12.4318606282151,1.03848045782011,4.48158821856917,-13.0333563259138,-1.50743575877496,-9.30688097377623,-12.914632042321
"18",18,1,18,"True","aligned_1_1",0,-6.59553634737071,-0.658543177563601,-2.79270236571328,-1.06749968374021,-11.9341959250586,-9.68878656036679,-13.0660044692958
"19",19,1,19,"True","aligned_1_1",0,-11.2357151845544,-3.39794762463799,-1.70472831900727,-4.86833237468518,-4.48785186154167,-7.1482883945404,-5.15987174695945
"20",20,1,20,"True","aligned_1_1",0,-11.8690797798354,-5.09049783318166,-1.90915243299638,-0.559875790161669,-2.18965435095853,-7.5472817100148,-4.42583403644981
"21",21,1,21,"True","aligned_1_1",0,-5.05889804398844,-2.80027916803793,-11.8507827984002,13.0755810990899,-7.84709900921375,0.369645061847024,-22.271862792136
"22",22,1,22,"True","aligned_1_1",0,2.40741384434011,-1.18293058519626,3.44738685186522,4.14983529098198,-0.169513645977091,-5.51613119531291,-16.0239190763108
"23",23,1,23,"True","aligned_1_1",0,-4.16292158511891,-2.38594403038881,5.02773972590131,-6.76035326399628,-3.49705973929824,-16.1669942870162,-23.4399360934349
"24",24,1,24,"True","aligned_1_1",0,-2.62812545757623,-1.64702866125873,-4.41279332606965,-1.40145205073334,-2.4666009485254,-11.6835214739374,-11.0702025779394
"25",25,1,25,"True","aligned_1_1",0,-6.32084160158882,-4.96974072811031,-10.351669487092,-6.45246288800251,-13.0218745346333,-4.56664560539863,-33.1181685753181
"26",26,1,26,"True","aligned_1_1",0,-5.28124062844513,0.55445797726091,-1.52979072428634,-1.8476102659946,-5.08710485434707,-1.7516186093079,-12.9946167919165
"27",27,1,27,"True","aligned_1_1",0,-2.63243486898648,2.7881759176651,-1.54398678979751,-10.1366896477781,0.88686073747165,-3.65222278030633,-13.2620233029984
"28",28,1,28,"True","aligned_1_1",0,-1.04797664600648,5.71059313749964,-0.957500484331305,-3.06361165955167,-7.73359809902287,-3.91592383142192,-24.3884087197639
"29",29,1,29,"True","aligned_1_1",0,-12.3674683833524,-2.28409100984004,3.05740342688415,1.59606385797572,-5.72639451037898,-10.105036365038,-11.6137964581377
"30",30,1,30,"True","aligned_1_1",0,1.82991363950707,-0.906503143948058,-8.75779828585443,-1.99787985647669,-2.08888966620701,-9.6930035162371,-1.70135460532612
"31",31,1,31,"True","aligned_1_1",0,-3.70842815713046,-6.19261762404757,-0.360346063387226,-0.713929148885597,-6.23708007645848,-11.2369442593448,-13.9920337702858
"32",32,1,32,"True","aligned_1_1",0,-7.23151395769267,-0.352584961656504,1.35186187555924,-6.94865436795571,0.510037976966672,-2.87136329037789,-5.98944774712155
"33",33,1,33,"True","aligned_1_1",0,-6.05173210879401,-0.915190201715532,-5.26239539959511,-0.860232346917343,4.91461836240777,-0.713929148885597,-11.5921754102911
"34",34,1,34,"True","aligned_1_1",0,-3.24275297762266,-1.35186187555922,1.53160779201102,12.0947570770121,-3.80144070450328,-6.14662565964667,-9.60789044032735
"35",35,1,35,"True","aligned_1_1",0,-5.79785438515964,-4.26261112279006,-4.10999796127476,-10.7612009407649,-6.97761849083169,-3.48932490579639,-9.00003648978502
"36",36,1,36,"True","aligned_1_1",0,-2.45672807339153,-2.71769638270773,2.1263418218517,-5.13255443987296,-8.73209159006964,-5.03193422282922,-8.10769493272772
"37",37,1,37,"True","aligned_1_1",0,-4.99374398582339,-5.44922612896465,0.957500484331291,-0.318306611451362,-1.13817700748818,-14.8001419288565,-10.2397746290401
"38",38,1,38,"True","aligned_1_1",0,3.42387124493068,-6.03768252142289,1.22259019197709,2.99428111609532,1.23008844775735,-10.3215410427438,-4.15385308695119
"39",39,1,39,"True","aligned_1_1",0,-5.14276455788423,-4.46448693288113,-4.27731617324476,-1.9873842018014,-0.892385458740549,-9.1680475510768,-7.74034115883792
"40",40,1,40,"True","aligned_1_1",0,-5.33632009739144,-2.16107948822638,-1.76981211586231,10.575859542653,-0.533796165832769,-15.5725435968103,-11.1695019230829
"41",41,1,41,"True","aligned_1_1",0,-8.36588612403258,-11.0543124640812,-0.508529068232107,0,-5.3862502702882,-10.8855270546587,-7.43140797117252
"42",42,1,42,"True","aligned_1_1",0,-5.50320556848864,-2.19057386403823,-6.79270064450657,-6.04223534597598,7.42446891591842,-6.76901645224439,-0.185422587343936
"43",43,1,43,"True","aligned_1_1",0,-5.15987174695945,-4.61329528612492,0.289370163440594,3.0295406556103,-5.53326229080753,-8.81427418899733,-2.34835331309959
"44",44,1,44,"True","aligned_1_1",0,-2.59415119558533,-3.87540619548639,-7.34666235936123,4.99374398582339,-18.1218602479014,0,-12.1076702567603
"45",45,1,45,"True","aligned_1_1",0,-9.15025677801488,3.05502233326742,1.19039034460853,-0.340030307762959,-1.90915243299638,-10.5432463946863,-9.70192678936502
"46",46,2,1,"False","no_cursor_1_2",0,-11.6022360840739,22.8389154007793,17.2265008961878,0.577970467567283,-2.4109557406024,-2.44024603551517,-14.4671590613893
"47",47,2,2,"False","no_cursor_1_2",0,-4.66784111834043,5.06705337132261,28.1336293402214,18.6350820410352,1.36943920611233,6.39213762629392,-23.2268942727395
"48",48,2,3,"False","no_cursor_1_2",0,13.3444485227984,0.75826016436676,12.8624052261118,-19.1596422937126,-14.3338000298169,-5.44783663000759,-13.0933035284431
"49",49,2,4,"False","no_cursor_1_2",0,-5.60056407582485,2.61301323762893,29.0567021811839,-10.4972431068066,-4.04016088928694,-11.6522997303542,-6.35857064528523
"50",50,2,5,"False","no_cursor_1_2",0,-33.9860411726737,11.7258434009313,-2.74362175781118,12.3579059707169,-6.38952864698169,-29.4006606634794,-20.7164471947386
"51",51,2,6,"False","no_cursor_1_2",0,11.8675089613229,-5.16958004171006,21.2178173495213,-2.47050579516224,-18.9740196203298,-31.0490047925332,-29.1670555226312
"52",52,2,7,"False","no_cursor_1_2",0,-19.8774881290383,5.11621846031255,4.88378153968743,-0.120726216993262,-11.8721886714882,-36.565051177078,-21.5237217038973
"53",53,2,8,"False","no_cursor_1_2",0,10.6410058243053,-11.1146839472003,0.684288985580068,-7.47477425625567,1.14321519658446,-29.2513365827123,-24.1769363236771
"54",54,2,9,"False","no_cursor_1_2",0,17.2243156940453,-12.7796207250217,10.5740344747265,-3.43494882292198,3.16029696270388,-9.89222182270222,-41.6492474676686
"55",55,2,10,"False","no_cursor_1_2",0,-17.1957339347132,-4.35259731789164,7.16238632210155,-8.15722658736907,-2.52854540433823,-29.4560690672086,-30.8025139539355
"56",56,2,11,"False","no_cursor_1_2",0,16.6758676959515,-14.4971516146678,8.32334977104676,0.462330723507279,8.69898280418111,-19.5139884580013,-9.56752146239097
"57",57,2,12,"False","no_cursor_1_2",0,5.03781590358226,-2.79241222059349,24.6890102473542,-10.6816859825666,-6.23289229541842,-34.571877821991,-31.2343714164356
"58",58,3,1,"True","topup_aligned_1_3",0,-7.81529354676688,-6.56629862074631,8.91492695714787,-1.51240848741317,-4.56094520316131,-16.2967453790678,-34.499679681748
"59",59,3,2,"True","topup_aligned_1_3",0,-5.52200806907096,-0.535458985564517,-6.17017509502961,-4.96974072811031,-6.89445107631268,-13.6324427803385,-12.2993433987989
"60",60,3,3,"True","topup_aligned_1_3",0,-3.00350582930696,3.19953970956257,-8.26996158698117,-1.51741412501214,4.16650488554869,-3.48932490579639,-12.185723309628
"61",61,3,4,"True","topup_aligned_1_3",0,8.47114463301484,-1.50304292128352,-5.51713597898807,-3.87852450284771,4.54804240912543,-3.01278750418335,-7.71567356354848
"62",62,3,5,"True","topup_aligned_1_3",0,-0.477453777309577,-1.90338884992427,-18.3274521769826,1.41880044348906,-9.55428967240177,-7.39959465988711,-16.1062741209676
"63",63,3,6,"True","topup_aligned_1_3",0,-0.868051449745536,-6.18861596324159,-10.4754472320411,-7.53410262663253,10.1179946038591,-6.91683720218634,-12.6463890323888
"64",64,3,7,"True","topup_aligned_1_3",0,6.68931539763406,-0.376940479597124,-5.13452743503449,-3.83726211732765,3.73507735498228,-4.2845136187706,-8.86605281683435
"65",65,3,8,"True","topup_aligned_1_3",0,-1.57174591481824,4.36015695566743,-5.31031157451106,-7.75667146259239,-3.79008162819154,-18.2015660830701,-11.7747339015675
"66",66,3,9,"True","topup_aligned_1_3",0,-4.82521692710982,-0.727526351350718,-8.77076328273215,4.15280223172483,7.94347181059042,-4.7322381424797,-15.0748494095508
"67",67,3,10,"True","topup_aligned_1_3",0,-3.28527647473842,-6.45881637871865,-9.27546341836829,0.186024604507523,-13.576784355158,-13.6213979292155,-10.9376674379569
"68",68,3,11,"True","topup_aligned_1_3",0,7.91750303482836,-5.31454566994475,2.35099906063478,-1.07416999837262,-1.11964468052916,-1.22632785989586,-5.13637849242772
"69",69,3,12,"True","topup_aligned_1_3",0,-5.99252744787894,2.73395756793174,-3.90757647669442,-6.72851209376869,2.0014573769686,-4.33231398318853,-7.71358140772112
"70",70,3,13,"True","topup_aligned_1_3",0,-3.60565167391225,0.181315152699,-15.2053827958339,-3.01278750418335,0.366102234831345,-8.84925847070106,-4.01958248783747
"71",71,3,14,"True","topup_aligned_1_3",0,-10.9902048803448,1.95421595735971,-5.43338119038535,7.78572916367708,1.35186187555924,-2.22230323247111,-9.86580694308438
"72",72,3,15,"True","topup_aligned_1_3",0,-5.07960786001458,-2.21475512731921,-15.6739611553497,-6.30051323458464,0.498211612613645,-11.676737830954,-2.10994284813327
"73",73,4,1,"False","no_cursor_1_4",0,-19.0085037420252,-14.7598919802543,14.7015062359294,-5.67396115534969,-0.945395900922833,-20.0311270467517,-1.84207611532777
"74",74,4,2,"False","no_cursor_1_4",0,-22.1566089328352,10.9513905391915,-4.76126896690107,9.60408815082944,-13.1013527118665,-23.5053920026992,-14.3731565262055
"75",75,4,3,"False","no_cursor_1_4",0,4.07595464722726,7.32318553291354,27.2105779632072,3.98602127721469,-21.0000848243523,5.48243839755992,-22.9235897151384
"76",76,4,4,"False","no_cursor_1_4",0,10.5328064855123,10.6703573438939,-9.17900802581075,0.287706447652539,-18.0393995689269,-17.7996440239106,8.69420397442342
"77",77,4,5,"False","no_cursor_1_4",0,-25.2363583092738,11.2580803060729,16.8824760708305,-0.233991941657919,-13.0722493741021,-4.72227776444706,-11.8615220309124
"78",78,4,6,"False","no_cursor_1_4",0,-35.5977842093342,-14.8475569741162,7.31213629500166,-1.25231705571719,6.6433890492999,-16.519801751657,-3.57927038044468
"79",79,4,7,"False","no_cursor_1_4",0,-3.71826300513694,-13.701026160727,8.27995610942959,-5.08952442565494,21.0919475739263,-28.1575427400148,0.723271986197375
"80",80,4,8,"False","no_cursor_1_4",0,1.5331057681195,-1.26619809847925,35.1275493091545,-0.21430450762503,6.17875916991122,-0.88013877707526,0.255081762536832
"81",81,4,9,"False","no_cursor_1_4",0,-43.3245312618908,-14.1417004699685,34.1736786816244,-11.4878675288278,0.650667957052889,-24.8476164738746,-12.9254007440384
"82",82,4,10,"False","no_cursor_1_4",0,-27.4179707922028,-6.0995062576181,-6.22362641437438,2.59242456218159,-21.4372645908085,-25.8423673503228,-30.3476430949974
"83",83,4,11,"False","no_cursor_1_4",0,-59.5222550099252,-9.56712909805333,-1.48519160142817,-9.12263586642088,-12.0318020393089,0.584502276986967,-16.8876333181962
"84",84,4,12,"False","no_cursor_1_4",0,-26.902978346275,3.92552830802988,-13.2419307319426,-13.1281470456721,-0.509945083824036,-26.069409899581,15.8599603712154
"85",85,5,1,"True","topup_aligned_1_5",0,-15.1602806585304,-24.4737188190447,-2.96945384165993,-16.62620950043,8.42696902148067,-14.6418845412334,-24.7361991750683
"86",86,5,2,"True","topup_aligned_1_5",0,3.69138598645128,-7.46270858511036,-4.54375765146716,-7.43867624203459,-2.92247266802489,-6.61346048231476,-0.924045352772723
"87",87,5,3,"True","topup_aligned_1_5",0,-3.54476645559488,9.34239401161017,-11.2188422812688,-1.38591785081218,1.11601039140727,-11.1624533157807,-2.36746946755753
"88",88,5,4,"True","topup_aligned_1_5",0,-17.3540246362613,-2.71823320183896,-5.91146748537486,-4.84136596524699,-2.44865658382442,-16.6992442339936,-7.47929696976308
"89",89,5,5,"True","topup_aligned_1_5",0,-12.304678847163,-1.65374946115739,-8.00472885729286,-4.48460600954462,3.79008162819156,-15.0743755186488,-5.40159249700817
"90",90,5,6,"True","topup_aligned_1_5",0,-2.77916686407208,-5.71059313749963,-4.92409279233252,-9.11588683285602,1.16913932790743,-16.504361381755,-1.00508600525417
"91",91,5,7,"True","topup_aligned_1_5",0,0.190350726629759,-4.19624761277733,-11.6737103128848,-3.30186567443499,5.36658178346158,-9.74709013910747,-2.25457496593502
"92",92,5,8,"True","topup_aligned_1_5",0,-4.55376797915862,-4.42291142855035,-9.01666640600286,-2.73498035070395,4.35517856201692,-8.60557508660385,-3.82512939319486
"93",93,5,9,"True","topup_aligned_1_5",0,-8.93956500315153,-3.61188500922299,-7.2180288962746,-3.99461700814813,-14.2134920270478,-10.8855270546587,-11.1717040823375
"94",94,5,10,"True","topup_aligned_1_5",0,1.70698490235473,1.76782705585609,-5.04679429077517,-5.75573160992045,-5.24027774791895,-5.06156080898198,-16.5178142529596
"95",95,5,11,"True","topup_aligned_1_5",0,-1.26900276347284,-1.45021629093343,-10.9035862407112,1.64597749756405,4.80635722419876,-12.8851693997033,-10.6645755174518
"96",96,5,12,"True","topup_aligned_1_5",0,-3.72405797274828,0,-6.01750303284571,-11.3099324740202,5.40621217229463,-7.87201500281978,-12.0827905401115
"97",97,5,13,"True","topup_aligned_1_5",0,-12.4074185274007,-3.0940580589171,-10.9359444466228,-10.4570485947032,-7.43821188748218,-1.18994893214244,-19.0136743885298
"98",98,5,14,"True","topup_aligned_1_5",0,-8.59000790147891,2.42927332349996,-8.05441444638174,-5.58913043132841,7.62971525536375,-3.82512939319486,-11.5561375004193
"99",99,5,15,"True","topup_aligned_1_5",0,-7.7100890707385,-0.855097396266714,8.69550287742477,-7.61646201929346,2.04540848888723,-9.99853284694936,-3.93976921293257
"100",100,6,1,"False","no_cursor_1_6",0,-26.6147789427862,-12.0639646829773,14.3589941756947,37.6024020471752,-28.548421882498,12.5330000307873,-2.91021831489696
"101",101,6,2,"False","no_cursor_1_6",0,-7.63717485068993,2.4440507006904,13.3579086443202,23.9293949900166,-6.60205237536199,-32.8270588530833,5.26514046021373
"102",102,6,3,"False","no_cursor_1_6",0,2.93378035320224,-4.70479441613593,20.5479395582888,-1.29420582342358,-24.8887580918787,-25.7022021912167,-16.4099885529149
"103",103,6,4,"False","no_cursor_1_6",0,20.2362824682952,9.45899552514572,28.8268081309598,6.2131410698669,-3.99491399474579,-1.77119700357446,24.5445255655582
"104",104,6,5,"False","no_cursor_1_6",0,-6.30170834430737,-12.7156735635484,14.1022345011612,-15.7673083150897,-15.465809082765,-18.4407813758731,-0.0125784249864438
"105",105,6,6,"False","no_cursor_1_6",0,17.2647737278924,-17.3502195922502,-24.3961417401287,-26.5500113817213,11.304514723328,8.16725169487779,-23.8565259034613
"106",106,6,7,"False","no_cursor_1_6",0,-11.4017443627045,-21.6445568430581,33.9281571240055,14.5205486012035,-27.3493490446406,-6.17990471676012,28.3924977537511
"107",107,6,8,"False","no_cursor_1_6",0,-38.5221973761982,-9.54496980183472,2.49447330485938,-15.5170745310715,-5.9275607219807,-18.7040845862669,21.9873088302877
"108",108,6,9,"False","no_cursor_1_6",0,-32.7934274119585,-9.19548646955019,31.0563155174356,1.24465992679946,-15.4620527214308,-29.1932730944684,-0.239543685429261
"109",109,6,10,"False","no_cursor_1_6",0,-14.7910493803425,-16.7992288084325,-15.4551376733712,25.2724214485984,0.7740361012482,13.0314640878633,22.1364316680686
"110",110,6,11,"False","no_cursor_1_6",0,22.4935535999008,11.5208921890035,-6.19855929549672,-3.22197516671146,13.0189205153513,-30.5809238482516,-26.095677480916
"111",111,6,12,"False","no_cursor_1_6",0,15.4049727580139,-23.0544144463818,19.0874919153623,24.2075964711428,-0.713896752600135,-21.109428339816,-27.2968422578533
"112",112,7,1,"True","topup_aligned_1_7",0,-3.46272004936557,-20.5355897475811,0.816123995585599,-2.07627905675834,2.83100167786527,-5.35046277993091,5.00466014084746
"113",113,7,2,"True","topup_aligned_1_7",0,1.85358542287283,-6.28821494174068,-8.62016215086975,-4.39870535499553,7.52382043863864,-8.71864928531187,-11.54852149149
"114",114,7,3,"True","topup_aligned_1_7",0,1.36033013225352,-0.881403996582151,-1.93602158292741,-4.48110574810887,5.59613254302121,-12.0222766861835,-8.27589282707521
"115",115,7,4,"True","topup_aligned_1_7",0,0.171031669649921,5.67641731124377,-12.3390872783262,-6.34019174590991,-5.86027698147088,-13.9545091731368,-7.73129826441914
"116",116,7,5,"True","topup_aligned_1_7",0,-3.62546468323798,9.43373150205882,-2.53676173816,0.186630543565585,2.65529298653294,-17.24145939894,-11.2188422812688
"117",117,7,6,"True","topup_aligned_1_7",0,-5.53768458843278,8.24872698696473,-16.4293014515334,-12.88963151406,2.79670850327585,-5.53275692115037,-0.1548530810975
"118",118,7,7,"True","topup_aligned_1_7",0,-5.35046277993091,-3.41094495535573,-10.6749067339691,1.19705104388875,6.10380935693397,-10.7230564102631,-9.93409747035656
"119",119,7,8,"True","topup_aligned_1_7",0,-5.89352923206508,-4.48110574810887,-10.5142089212809,-7.55137678854823,-1.9936683250415,1.41880044348906,-8.1545563772179
"120",120,7,9,"True","topup_aligned_1_7",0,-4.57392125990086,-3.25194560036388,-5.76263288659847,-3.3885569907235,-7.392647471394,-10.3365541464993,-2.958390333956
"121",121,7,10,"True","topup_aligned_1_7",0,0.502581666721042,-1.0809241866607,-2.67855125544324,0,4.42697164747939,-6.55492790390291,-6.61602899352087
"122",122,7,11,"True","topup_aligned_1_7",0,-3.43051916678063,1.50743575877497,-5.48509434964319,0.734521034254826,-5.94686305397352,-5.89352923206508,-0.488304479925972
"123",123,7,12,"True","topup_aligned_1_7",0,-4.98321416219777,-6.14903274192535,-5.56509883491165,-0.765940727174467,-8.96334494002002,-12.181681686653,-5.97777359236065
"124",124,7,13,"True","topup_aligned_1_7",0,-1.60900890604739,-1.4522579749832,-8.76829700339457,-2.85402497467039,-5.50547785797835,-1.74628162028564,-9.98626040160485
"125",125,7,14,"True","topup_aligned_1_7",0,-4.12229781178364,6.84955799276658,-11.9761324442034,2.81843978084811,7.681043659971,-10.1246716553978,-2.29061004263853
"126",126,7,15,"True","topup_aligned_1_7",0,-1.96876720652381,-0.334082391748538,-0.842524260740419,4.27278076760925,-4.60009566626329,-13.3841952209135,-9.87345862299523
"127",127,8,1,"False","no_cursor_1_8",0,-4.3652450789552,19.7924400186423,31.5637352252825,-18.8492584707011,12.2175942695183,-10.5672664098579,2.06194368281356
"128",128,8,2,"False","no_cursor_1_8",0,12.3995946598871,-17.8734384975935,41.6757037369033,-29.6109060382254,-13.2439194436792,11.9059419410829,15.4235866793961
"129",129,8,3,"False","no_cursor_1_8",0,-3.07278187399083,-2.11165055511211,-9.66489425934429,1.44738977961212,18.6744995208297,-39.1330706199718,-38.6633410216709
"130",130,8,4,"False","no_cursor_1_8",0,16.9409834287426,7.12109639666145,32.316018170266,-6.96847565158385,9.74356283647074,-25.2139729850705,21.7670659154997
"131",131,8,5,"False","no_cursor_1_8",0,8.58999017074331,24.4417196272836,-15.9346829502881,-0.0576708952470426,-17.1575742698679,-17.0216826495727,-27.7968175611025
"132",132,8,6,"False","no_cursor_1_8",0,-33.1625273743236,-29.9232697342532,7.5246337561356,-22.1317044070602,-3.09839376183243,10.7086378290158,-51.5327149681591
"133",133,8,7,"False","no_cursor_1_8",0,17.871740002178,5.48416971391568,5.93155659807748,-1.70983680775694,16.1198561534248,7.14257032619805,45.3717916822337
"134",134,8,8,"False","no_cursor_1_8",0,6.87488491635689,-29.8532976780721,64.1047316274187,-7.89055165624832,-11.2077016765139,-13.4687357791221,39.280241638487
"135",135,8,9,"False","no_cursor_1_8",0,0.539183728628245,6.44788352249086,75.2401080197457,-13.8114613907912,-23.059103902871,-4.17310801872793,-25.8393809397804
"136",136,8,10,"False","no_cursor_1_8",0,-20.0240038675663,-13.3648808422126,-18.154842864792,-32.0133630095248,6.35881474209867,-20.5023404261825,-34.3041340604912
"137",137,8,11,"False","no_cursor_1_8",0,-19.1715333318181,-11.0908163488522,60.3392221126522,27.727503428171,-23.2694722422174,-15.4803573118093,-7.16447489351145
"138",138,8,12,"False","no_cursor_1_8",0,-2.30345104838724,-21.9419633630583,-14.1099892252815,-41.4211372860507,-1.39551840690734,6.11723362760408,24.1596945456694
"139",139,9,1,"True","rotated_2_1",-45,11.8983151741249,-0.936122241356685,-6.41878673023878,0.74165151370606,-1.0912162252626,9.71156818123903,4.26261112279005
"140",140,9,2,"True","rotated_2_1",-45,-1.61606665068572,-50.0796078600146,-13.9026871142206,-3.4085744224852,-31.7441275183225,-5.72837581213446,-7.72975016219097
"141",141,9,3,"True","rotated_2_1",-45,-37.3566219285204,-45.1335563537059,-20.8759198113976,-57.0478317971575,-56.5891948256029,-12.9111763953028,-24.2277453179542
"142",142,9,4,"True","rotated_2_1",-45,-47.8624052261117,-20.8977654988389,-21.4962869177629,-36.3530682920469,-73.1578292660554,-30.4745835342316,-22.8663805941861
"143",143,9,5,"True","rotated_2_1",-45,-24.3255752391261,-33.8320055828897,-31.1113496613379,-36.9367538343028,-48.2973463670211,-30.9637565320735,-27.4075754378184
"144",144,9,6,"True","rotated_2_1",-45,-40.9143832200251,-29.7240313053178,-20.6876585704349,-30.1262492950711,-52.5376488646404,-38.3847466153636,-23.2410004093175
"145",145,9,7,"True","rotated_2_1",-45,-3.20948631779198,-37.4637769828309,-24.9700602536822,-37.8613967935125,-49.5377725079067,-54.3793450328532,-29.3490618287328
"146",146,9,8,"True","rotated_2_1",-45,-47.9425204563686,-23.7562550567897,-27.8719525264033,-37.9063270722129,-27.7904424794521,-33.9378850961489,-35.9144878009557
"147",147,9,9,"True","rotated_2_1",-45,-37.4906689261827,-47.6778066418844,-27.3171005563349,-53.5476090527299,-30.0378447456735,-36.3044971225752,-30.9930039922759
"148",148,9,10,"True","rotated_2_1",-45,-37.0424747730829,-32.0446807187342,-26.1699141345705,-49.7732988252232,-17.0058287336806,-51.7483990441695,-41.3294513672839
"149",149,9,11,"True","rotated_2_1",-45,-40.1731412188771,-35.6253529791087,-29.4820584637057,-42.2859789629008,-3.69704930357358,-43.8668246609662,-29.1676133795778
"150",150,9,12,"True","rotated_2_1",-45,-43.233729513991,-35.8207789216302,-25.0267874133346,-41.0716927746023,-57.7655657810586,-55.9050220452345,-36.7286013120256
"151",151,9,13,"True","rotated_2_1",-45,-44.1662325448636,-37.5318992515747,-37.5468685115696,-44.130065864371,-46.4144232114022,-46.9834766945093,-45.4696270196896
"152",152,9,14,"True","rotated_2_1",-45,-49.9863337712355,-38.5652608489633,-32.0588141340122,-36.700383999867,-49.3615726450206,-51.7255170973253,-42.436229788535
"153",153,9,15,"True","rotated_2_1",-45,-46.0501105405387,-36.4280366408958,-27.9950453038083,-48.3374427983428,-31.9284503513132,-52.6023495930928,-26.849042801873
"154",154,9,16,"True","rotated_2_1",-45,-42.3340511619255,-37.9210783953878,-29.0383315123198,-39.3594505678432,-30.6901978597687,-49.9584509194854,-33.6012369312421
"155",155,9,17,"True","rotated_2_1",-45,-32.2896856767553,-34.1806015980212,-44.2559407971113,-37.514045415915,-53.9076654414697,-30.6671971746479,-24.2777052932414
"156",156,9,18,"True","rotated_2_1",-45,-34.274698046685,-41.4531463425004,-41.9356991093704,-36.5823428229869,-52.1863280210724,-45.1226888478391,-55.7965431718244
"157",157,9,19,"True","rotated_2_1",-45,-67.5715304061799,-27.8416260699578,-37.3984956831102,-35.9605171966449,-55.6513892964566,-48.292147112996,-37.4623511353596
"158",158,9,20,"True","rotated_2_1",-45,-46.5765500551837,-40.4367702457622,-36.0779991987571,-36.095179009678,-32.5857073539144,-41.6481109994079,-35.9884936492619
"159",159,9,21,"True","rotated_2_1",-45,-40.7041594887285,-50.9610897825786,-40.0948438591238,-42.3245733439709,-28.53998518796,-48.0127875041834,-43.3153156821037
"160",160,9,22,"True","rotated_2_1",-45,-43.7472104734979,-43.0766108224803,-38.2824858802814,-39.4515337062819,-50.7715850023825,-51.607649354895,-44.8773111521609
"161",161,9,23,"True","rotated_2_1",-45,-42.2233964760977,-37.9063270722129,-43.1118119932591,-37.7176959067925,-39.2767727327133,-59.7923875195934,-36.9348588192708
"162",162,9,24,"True","rotated_2_1",-45,-47.0007856166686,-42.1087304037794,-42.5876353408867,-45.1221656560472,-32.9777233138165,-52.0183771589317,-36.5193716660848
"163",163,9,25,"True","rotated_2_1",-45,-39.8978347476418,-32.3840220784726,-48.6766018867889,-34.9920201985587,-44.8723926842344,-62.4471884232822,-36.623238372236
"164",164,9,26,"True","rotated_2_1",-45,-41.4076701537507,-37.2107145220383,-39.9057034256825,-40.6583242673583,-42.1561111298675,-60.2985904545894,-42.1245463160148
"165",165,9,27,"True","rotated_2_1",-45,-47.4448517182636,-40.9816910064059,-35.9050773498833,-40.3947622400092,-49.2538364361192,-48.8853160527997,-46.1643880401239
"166",166,9,28,"True","rotated_2_1",-45,-41.6802986674676,-38.457439896445,-35.0058999898359,-43.0165233054907,-33.1356095487189,-50.0538260500644,-39.1691984608398
"167",167,9,29,"True","rotated_2_1",-45,-37.4663188301081,-38.7102224773428,-46.9825238610844,-42.1256382257494,-39.9688729532483,-42.0009130645448,-47.5499490129602
"168",168,9,30,"True","rotated_2_1",-45,-51.3954698566054,-37.5365055400147,-38.8021223665692,-30.3206988901872,-38.3847466153636,-40.5474283686343,-36.869897645844
"169",169,9,31,"True","rotated_2_1",-45,-29.4384896746715,-41.8492835867323,-39.5226312711711,-51.743144430742,-38.2830448198716,-49.3382667914282,-35.7538872544368
"170",170,9,32,"True","rotated_2_1",-45,-37.6232739930547,-46.1691393279074,-32.7061617939548,-50.9144065175668,-55.0543355999943,-46.0674996837402,-45.6380112619588
"171",171,9,33,"True","rotated_2_1",-45,-28.6639571102815,-42.8622502744911,-52.3647462449827,-47.772156776891,-37.9373973295843,-50.9234014776144,-38.735131321363
"172",172,9,34,"True","rotated_2_1",-45,-47.7140210370993,-42.1000659632552,-36.3702378169803,-36.1736290457721,-37.4053566314085,-42.9268498511536,-55.4720283438616
"173",173,9,35,"True","rotated_2_1",-45,-39.4896942528513,-47.1397261406036,-31.559586071333,-54.1770817193105,-36.376308045074,-47.5791475002834,-44.4044312273942
"174",174,9,36,"True","rotated_2_1",-45,-45.7313957530975,-40.5131473614516,-47.9356734464212,-45.2427772737668,-40.4662088540154,-42.896203053149,-48.8729151520012
"175",175,9,37,"True","rotated_2_1",-45,-43.1523897340054,-43.5311992856142,-45.6323780679751,-46.4077414878741,-35.6398091980867,-44.7572227262332,-50.5860126707244
"176",176,9,38,"True","rotated_2_1",-45,-49.616352093551,-39.8499176619802,-40.5847924048176,-43.1200694556606,-45.132936604874,-40.8334951144513,-47.9531168534872
"177",177,9,39,"True","rotated_2_1",-45,-31.3148683344706,-42.5633517531899,-43.6211555774264,-42.4228686788808,-43.7546357332317,-44.7359660187409,-46.6365770416167
"178",178,9,40,"True","rotated_2_1",-45,-34.9506514118751,-41.713356948526,-47.5969488215525,-45.2491105151529,-49.2641633491527,-46.3199456939218,-44.3731565262055
"179",179,9,41,"True","rotated_2_1",-45,-40.6982417259409,-38.1665627090908,-35.3050273265593,-43.6729220091259,-31.3083415380255,-54.3835651723866,-51.1539944178227
"180",180,9,42,"True","rotated_2_1",-45,-61.8507532140723,-37.3380488450278,-46.0501105405387,-44.8813753671913,-34.7936185890857,-49.5583588031954,-66.8491162026484
"181",181,9,43,"True","rotated_2_1",-45,-49.6426021982977,-40.088211827494,-38.5879490365254,-43.043046776073,-46.7287241090028,-47.5125217640292,-52.1250163489018
"182",182,9,44,"True","rotated_2_1",-45,-42.4072453597997,-46.6014003641154,-34.270048375917,-48.054649975677,-43.405454333296,-50.7486634172878,-45.6138598631093
"183",183,9,45,"True","rotated_2_1",-45,-40.2363583092739,-42.2970559621853,-42.5409560098954,-41.6596779203011,-43.3153156821037,-45,-41.2183597954253
"184",184,9,46,"True","rotated_2_1",-45,-43.3776774125022,-43.8618229925118,-40.4339859687976,-48.6834863891605,-53.2806822427218,-39.5719028138893,-45.6958659395088
"185",185,9,47,"True","rotated_2_1",-45,-52.7592610633279,-38.2720640732769,-47.7140210370993,-44.8778343439528,-43.1444142636347,-47.6659488380745,-60.4349400962042
"186",186,9,48,"True","rotated_2_1",-45,-51.4269158666323,-42.7591345007865,-45.4715595540762,-45,-42.7516668576491,-49.8176433519396,-58.0791237800668
"187",187,9,49,"True","rotated_2_1",-45,-54.4623222080256,-39.6643908124604,-39.5361571867634,-47.8957619734666,-36.1121483087803,-48.3806322633172,-57.6159779215274
"188",188,9,50,"True","rotated_2_1",-45,-48.4721166175863,-42.489683977075,-38.0848573626658,-47.3911817833236,-48.257221940667,-47.7500851749124,-42.6739839495011
"189",189,9,51,"True","rotated_2_1",-45,-46.4502162909334,-36.9330682702069,-44.1375480335262,-47.4082164411282,-45.5003870987922,-48.3044018959159,-53.8319086509693
"190",190,9,52,"True","rotated_2_1",-45,-48.2210402155005,-37.1742548335911,-45,-38.8021223665692,-44.130065864371,-49.3987053549955,-57.9221364010879
"191",191,9,53,"True","rotated_2_1",-45,-50.4403320310055,-41.6854141793565,-36.3451126167339,-39.3917409500755,-45.770748745392,-47.2070614927152,-39.7474224862012
"192",192,9,54,"True","rotated_2_1",-45,-43.7212886929502,-44.7540968767293,-28.2542494616799,-42.0675899687096,-30.1317186415018,-51.0724564072077,-33.7742022371856
"193",193,9,55,"True","rotated_2_1",-45,-30.5984622498482,-38.2901631922431,-37.1895855964993,-38.3832621020892,-40.5028483853322,-46.8734930135999,-34.0256173032463
"194",194,9,56,"True","rotated_2_1",-45,-46.299269155204,-46.8401952563928,-43.4014629073241,-44.7651825462064,-43.233729513991,-47.3911817833236,-47.1546664994631
"195",195,9,57,"True","rotated_2_1",-45,-57.8785944472677,-35.9150563919718,-49.7135141623846,-30.4655449194599,-31.5513849483135,-53.9992510458393,-52.9718271227419
"196",196,9,58,"True","rotated_2_1",-45,-48.0266137055349,-42.5940294833547,-40.3927138991985,-42.7591345007865,-33.322497399368,-44.1028239910124,-60.4824817140483
"197",197,9,59,"True","rotated_2_1",-45,-54.0651670181819,-41.8995085501922,-39.9662130438,-39.4487316141207,-38.4610379170386,-41.2570117043129,-53.376761627764
"198",198,9,60,"True","rotated_2_1",-45,-40.1823566480604,-38.5064746874608,-35.7889734591833,-30.6243975418773,-42.8690471128951,-39.6990734834743,-57.2445278702499
"199",199,9,61,"True","rotated_2_1",-45,-41.506278436365,-37.8909746580827,-34.0058678371221,-38.6120816682832,-36.869897645844,-43.6615570789763,-61.1348312114488
"200",200,9,62,"True","rotated_2_1",-45,-47.4792995614227,-43.8810840694328,-43.8037422627615,-39.2256740973367,-39.487500084122,-42.3866537246908,-61.7983717813053
"201",201,9,63,"True","rotated_2_1",-45,-42.3503754720783,-44.4625319051189,-46.6917885682645,-41.8065507267167,-46.5601996869287,-50.6730221399253,-56.6114864238885
"202",202,9,64,"True","rotated_2_1",-45,-41.7518645505524,-41.9541063094896,-55.3147131432876,-39.973032183935,-38.2695160653843,-49.5973973626243,-65.3981189946278
"203",203,9,65,"True","rotated_2_1",-45,-59.4347630624089,-43.4925642412251,-47.2810159738211,-37.9716037610504,-51.8143528894098,-48.747644974766,-45.8814039965822
"204",204,9,66,"True","rotated_2_1",-45,-57.0776691623642,-43.7097726479395,-41.1859251657097,-34.8367857077956,-56.4158395244071,-36.7556110031751,-43.7381824611139
"205",205,9,67,"True","rotated_2_1",-45,-42.7516668576491,-37.6514641887376,-42.7365229211642,-43.8037422627615,-52.871181936831,-55.6358955760357,-49.0856167799749
"206",206,9,68,"True","rotated_2_1",-45,-50.5993393365206,-43.2791851663271,-40.3225821411183,-46.7134653173658,-55.1428636787627,-49.9863337712355,-51.9529574681739
"207",207,9,69,"True","rotated_2_1",-45,-53.4870807848883,-40.9055508199852,-50.1297123168309,-39.032175928482,-52.5108888003885,-45.3544023636743,-59.3254513401461
"208",208,9,70,"True","rotated_2_1",-45,-50.1231655371282,-45.1264805440273,-44.7395664321866,-36.1193408494798,-43.7422109211106,-54.2404811572668,-53.7707632827322
"209",209,9,71,"True","rotated_2_1",-45,-59.0684140313695,-43.2491458134572,-30.2803402825068,-38.8425276604464,-45,-56.1254056417587,-54.146007168933
"210",210,9,72,"True","rotated_2_1",-45,-54.5565276139487,-43.7371713115391,-36.3268259521202,-37.514045415915,-40.9504182967286,-56.8586382480162,-47.772156776891
"211",211,9,73,"True","rotated_2_1",-45,-61.647696088196,-36.9079174010554,-33.5901621703643,-37.1709234899404,-40.4112595889045,-62.7207724942527,-55.0779550713805
"212",212,9,74,"True","rotated_2_1",-45,-43.4636998711162,-41.1214754971523,-34.5758066226606,-41.0817511359326,-47.4895529219992,-50.9644871012531,-54.0507216771837
"213",213,9,75,"True","rotated_2_1",-45,-46.3728386901468,-41.2847108945712,-46.6637250042916,-41.1146839472003,-38.8800696563524,-44.3758876537947,-54.5666859897144
"214",214,9,76,"True","rotated_2_1",-45,-43.2358006828412,-43.4587813562761,-43.8668246609662,-41.0678940034831,-50.5599472633095,-56.0203185319473,-54.5639463999913
"215",215,9,77,"True","rotated_2_1",-45,-61.9384473730817,-40.0607844578738,-44.0869971331846,-44.252706123174,-44.2257798350719,-49.3987053549955,-45.9835219191391
"216",216,9,78,"True","rotated_2_1",-45,-59.8440155575884,-38.6305607938877,-49.034927516131,-43.3415654647158,-53.1649750093222,-50.6136050295231,-72.1038670749607
"217",217,9,79,"True","rotated_2_1",-45,-55.4653384286007,-43.451842301022,-52.1842673924269,-42.3609801661519,-42.6192708398537,-53.2651540298262,-40.2551007945435
"218",218,9,80,"True","rotated_2_1",-45,-50.1213165107786,-40.5612836322953,-42.2854227309989,-45.5628088084733,-40.2665616694245,-51.0226868979015,-46.0369144645301
"219",219,9,81,"True","rotated_2_1",-45,-48.5079949757338,-39.5649182007688,-42.4906352601483,-42.1485437092629,-43.8212408300888,-40.0404760655605,-51.6381812929474
"220",220,9,82,"True","rotated_2_1",-45,-49.2794635302452,-41.6713500082788,-37.8007663616324,-45.3845296595845,-45,-54.7275785514016,-57.2251226757358
"221",221,9,83,"True","rotated_2_1",-45,-48.9542477155211,-42.4603195496593,-40.1068277548617,-45.2273630109906,-47.7140210370993,-37.4588683512187,-56.7251120151651
"222",222,9,84,"True","rotated_2_1",-45,-58.844405637316,-42.745425034065,-45.9223926057944,-42.6296325291313,-39.1030364897892,-45.3633933060124,-62.5086052499178
"223",223,9,85,"True","rotated_2_1",-45,-60.2323551843854,-41.1859251657096,-49.8015733498738,-43.9749363876359,-47.0183991667931,-52.6762147535606,-46.3378747866891
"224",224,9,86,"True","rotated_2_1",-45,-53.6813375841233,-46.4688007143858,-46.9054190792835,-37.2102033496498,-47.8366601011255,-53.4451034660447,-42.921629754638
"225",225,9,87,"True","rotated_2_1",-45,-53.4089117326007,-44.8856373185159,-43.2572583465635,-40.8476382915563,-41.8636416316674,-55.5699912208271,-47.563770211465
"226",226,9,88,"True","rotated_2_1",-45,-63.8328297847566,-42.5608834906009,-44.8651866499358,-48.725628193349,-42.8696294403388,-47.2906100426385,-51.6798860632226
"227",227,9,89,"True","rotated_2_1",-45,-52.3002322538071,-39.4006606634794,-45.2689922936965,-42.8317077495047,-37.2291141273945,-46.8717449652887,-55.1127491100654
"228",228,9,90,"True","rotated_2_1",-45,-59.5155611720698,-42.5104470780009,-42.6337520085442,-57.7834539414244,-38.233825177447,-46.4923380570129,-46.3169124057933
"229",229,10,1,"False","no_cursor_2_2",0,-45.1755108430432,-12.8580631587512,20.8355654902207,-25.5735234185609,-39.0877997961236,10.0436094031257,-42.3032116561296
"230",230,10,2,"False","no_cursor_2_2",0,-7.89157669422342,-23.4520103571352,-22.8445924800194,-16.8991504006034,-29.0089010984997,-23.4842974110469,-33.0993926767787
"231",231,10,3,"False","no_cursor_2_2",0,-11.4648838324267,-31.2880262388282,-26.5577857780723,6.7307460566207,-18.6247533320739,-20.5376777919744,-51.7680817413365
"232",232,10,4,"False","no_cursor_2_2",0,0.166858505520182,-5.70768647479398,42.5578450283005,16.3180881396518,6.42026554639904,-37.9325951815356,-32.875747310675
"233",233,10,5,"False","no_cursor_2_2",0,-37.2928864986834,-5.36034606338723,-36.8255423073299,27.1449454454001,-9.57710580953085,-21.6604256512749,-30.3684565253377
"234",234,10,6,"False","no_cursor_2_2",0,-6.56013079421778,-11.4465808802185,-13.5932240543361,-27.3666694127687,-14.4110643248138,-15.3547570081568,-18.0763597027821
"235",235,10,7,"False","no_cursor_2_2",0,-12.4744137364506,-13.592258512126,-43.3102771675242,-29.7615143692965,-40.3742568196139,-13.7676493388438,1.17459561540412
"236",236,10,8,"False","no_cursor_2_2",0,1.71613771209364,4.61114218453041,-19.1044739297124,-13.6953527039216,-17.8438888701325,-20.7047943202544,-12.5519914314231
"237",237,10,9,"False","no_cursor_2_2",0,11.7354048262732,-27.8898927789202,18.8607326248833,13.7155564781992,-17.7923020271409,-6.05347029949711,6.64283203935528
"238",238,10,10,"False","no_cursor_2_2",0,-6.34338612204603,18.3317588491321,-26.3523835431911,-26.2284002829176,-40.7931031202231,-7.79566231712425,-0.723056410263126
"239",239,10,11,"False","no_cursor_2_2",0,-28.8387401831717,-2.60285546248866,56.3138524262605,12.5625405254338,-18.5975085406177,-15.004303627671,0.113074493424222
"240",240,10,12,"False","no_cursor_2_2",0,-18.8958569696633,-7.36554923559837,-25.5947657123372,17.6571790290647,-5.98065001017354,-17.239837396622,-10.6364886083381
"241",241,11,1,"True","topup_rotated_2_3",-45,-9.80152899555826,-5.56784468290296,-17.6280193678196,-15.9453959009229,-14.2753065292094,-22.8587618798657,-19.4886729994412
"242",242,11,2,"True","topup_rotated_2_3",-45,-37.9949885991022,-28.9907648168453,-43.1034816967907,-49.7856954923749,-43.5903212567904,-29.0899718597165,-34.307787844716
"243",243,11,3,"True","topup_rotated_2_3",-45,-35.1341930569156,-32.7352262721076,-39.6643908124604,-49.2641633491527,-40.079383963636,-39.0284341022036,-16.5457488450852
"244",244,11,4,"True","topup_rotated_2_3",-45,-27.2400806738447,-36.2439403840257,-45.7044208113801,-48.054649975677,-42.1683229590325,-36.1110575215755,-30.8608916883495
"245",245,11,5,"True","topup_rotated_2_3",-45,-40.0357658340557,-40.6199395449363,-48.257221940667,-42.3340511619255,-23.8539058205923,-43.9949139947458,-28.0152674680114
"246",246,11,6,"True","topup_rotated_2_3",-45,-46.9204407587543,-46.0946905918531,-48.3664606634298,-43.5016592905449,-41.7466880998984,-27.4567422845999,-25.0365557214988
"247",247,11,7,"True","topup_rotated_2_3",-45,-49.5791323357858,-47.7512276174771,-46.535395525336,-40.5271973316244,-47.3100422208024,-44.7519678718435,-43.8147391813776
"248",248,11,8,"True","topup_rotated_2_3",-45,-46.3639275316029,-45,-44.1338231054481,-39.0389102174214,-42.1633398988746,-40.5228878796981,-36.3915897869335
"249",249,11,9,"True","topup_rotated_2_3",-45,-45.1341819081158,-42.9706835706568,-33.1843809258661,-44.7498016798025,-43.4925642412251,-41.6050764578817,-45.6847775070092
"250",250,11,10,"True","topup_rotated_2_3",-45,-48.9909130984298,-39.5407605515157,-39.4006606634794,-46.3266125159043,-52.8001878841817,-47.9720559142347,-45.9391909457356
"251",251,11,11,"True","topup_rotated_2_3",-45,-45.2640339812591,-47.3499121910465,-46.4441255309358,-47.574735211238,-47.3703674708687,-36.0136891772164,-46.1145632724847
"252",252,11,12,"True","topup_rotated_2_3",-45,-43.6615570789763,-40.9378298615399,-44.0642174884968,-39.0938588862295,-38.6598082540901,-42.8106842225523,-48.8460300900474
"253",253,11,13,"True","topup_rotated_2_3",-45,-52.8614254043611,-40.0551337079032,-40.5824906484649,-45.377768896229,-40.4546646912512,-47.7140210370993,-45.2557830307393
"254",254,11,14,"True","topup_rotated_2_3",-45,-50.1745207155155,-42.3819370910032,-40.8495282589657,-41.2880262388282,-49.6287306678839,-48.932105996517,-37.3180953837486
"255",255,11,15,"True","topup_rotated_2_3",-45,-41.5614692116708,-43.0978872253431,-36.9617668020356,-45.6708801057281,-32.7894220367928,-43.9190758133393,-50.7773247396496
"256",256,12,1,"False","no_cursor_2_4",0,-37.1893157774478,-49.2256740973367,26.1793152573826,6.41098312676542,-21.1251476579643,-18.7420863173322,-55.7882456890303
"257",257,12,2,"False","no_cursor_2_4",0,-33.7619783042636,-23.8195005426558,50.1975032847548,-26.3806004402841,-26.6667912329255,-21.4583552491758,5.89086647972255
"258",258,12,3,"False","no_cursor_2_4",0,-17.4514297919696,-27.4596934127428,6.21705488879576,-36.5412186437239,-10.5824906484649,-21.8274465766731,2.52382043863864
"259",259,12,4,"False","no_cursor_2_4",0,-23.525381026035,-7.08611908830732,-29.5254440242132,19.0063914716273,1.29117208023625,-6.85153701469333,-16.0083082860988
"260",260,12,5,"False","no_cursor_2_4",0,-49.3279395682437,11.3255004791704,-29.2403237429406,-28.6713071321959,11.2344800955412,-31.1078086991819,15.3993095707768
"261",261,12,6,"False","no_cursor_2_4",0,-14.2808438834549,-5.64374571417537,-28.9765440362569,-12.24145939894,-13.6447212652731,-16.3989566273689,-33.0167388814249
"262",262,12,7,"False","no_cursor_2_4",0,-21.1159294473316,-11.2702524577603,-21.8748180287043,4.66022418410023,-14.7616002283361,-7.87809444919182,7.39103268682874
"263",263,12,8,"False","no_cursor_2_4",0,-8.48864681986456,-15.4320379112729,54.2737024142114,-11.5513572259086,-13.8910924015474,0.815705751729197,-28.1268630187273
"264",264,12,9,"False","no_cursor_2_4",0,4.77372088438079,5.4515726975451,-8.11454498833195,-32.5104470780008,-2.24332853740762,-0.69553103949201,-12.5729245954324
"265",265,12,10,"False","no_cursor_2_4",0,-6.64791943768813,11.7366686817647,-19.3890114663203,-27.8188889145228,-5.5376777919744,-28.6122866637025,8.48915484223971
"266",266,12,11,"False","no_cursor_2_4",0,-29.4084885023632,-5.16569487954271,61.0282753737599,-33.9390042602401,15.9070781630658,8.3294318528685,-24.9920201985587
"267",267,12,12,"False","no_cursor_2_4",0,-4.53323279003003,4.28469204490716,10.0276138507363,4.54240011467388,-17.1865771578838,-18.3745225923791,-3.871782568188
"268",268,13,1,"True","topup_rotated_2_5",-45,-11.2149146846536,-10.304846468766,-2.32153058983272,-39.7841360840946,-37.7756843059547,-36.4954207591212,-36.7028550301631
"269",269,13,2,"True","topup_rotated_2_5",-45,-42.2993706626047,-49.3229924429862,-34.9660298263277,-49.3644067781209,-41.2012285252584,-38.7459672560835,-14.9048009926041
"270",270,13,3,"True","topup_rotated_2_5",-45,-39.912545911042,-41.3873427063787,-38.9633282892171,-38.8613503658483,-41.1506336521481,-44.1592417836912,-41.0424468858722
"271",271,13,4,"True","topup_rotated_2_5",-45,-33.3106308245608,-38.7741709355743,-50.0205717152297,-47.4691302604107,-38.6851155755508,-55.5699912208271,-34.0058678371221
"272",272,13,5,"True","topup_rotated_2_5",-45,-39.0389102174214,-42.4906352601483,-42.2942730826334,-41.1171014396363,-36.0148002495773,-45.9877603996398,-41.304514723328
"273",273,13,6,"True","topup_rotated_2_5",-45,-47.9029788618781,-45.1305140783911,-45.7313957530975,-44.6011959102632,-53.3580684437,-54.3815101607482,-47.7029440378147
"274",274,13,7,"True","topup_rotated_2_5",-45,-39.9868862449642,-41.3086140135487,-41.8697551377809,-42.6467031338917,-51.1466256596467,-54.724128868733,-48.767123919222
"275",275,13,8,"True","topup_rotated_2_5",-45,-50.9898456261901,-33.1228011161219,-41.3955794608243,-44.5264919412651,-47.9194285419761,-57.4880857689485,-38.4910435594975
"276",276,13,9,"True","topup_rotated_2_5",-45,-47.0119049878532,-40.4768933341006,-39.9639557047612,-42.4471018528283,-42.0390638658363,-61.9373610839045,-57.5724450042275
"277",277,13,10,"True","topup_rotated_2_5",-45,-42.3102296768496,-44.4743653935424,-46.04162667601,-39.4896942528513,-40.9237437459201,-56.1546597389283,-46.594545666704
"278",278,13,11,"True","topup_rotated_2_5",-45,-35.2333206042273,-43.9769698113322,-36.8029242344848,-41.9872124958167,-45.6525433053919,-50.7221938215916,-48.209486317792
"279",279,13,12,"True","topup_rotated_2_5",-45,-39.6508225704707,-43.5173814203297,-38.9909940425055,-41.5614692116708,-41.99982160202,-55.5610106911964,-52.8246182727832
"280",280,13,13,"True","topup_rotated_2_5",-45,-32.6248685772634,-45.6958659395088,-45.6052145972448,-47.2176351081916,-44.8718217361765,-54.0424994821031,-49.2809514231376
"281",281,13,14,"True","topup_rotated_2_5",-45,-34.7891323089221,-44.0065311437174,-48.3374427983428,-32.9766939065417,-42.1712151077324,-59.8336707056986,-46.0230301886678
"282",282,13,15,"True","topup_rotated_2_5",-45,-37.2051747133298,-46.6135389328812,-52.561428427667,-40.9237437459201,-50.5429920875041,-54.9683561704738,-49.3382667914282
"283",283,14,1,"False","no_cursor_2_6",0,-34.0651867880207,-33.9006423612244,-44.8544555661037,-37.0922371365038,-29.2514059941584,-97.9555189679268,-45.1541776321475
"284",284,14,2,"False","no_cursor_2_6",0,-3.97968146805272,-23.4889438805047,21.0617887887287,27.6947339848106,5.81303431664422,-36.9872124958167,18.3197013325324
"285",285,14,3,"False","no_cursor_2_6",0,3.94126627679719,8.01278750418334,-19.9894332455929,23.4791078109965,-13.2035113844722,-4.82117876812895,-20.6192447621765
"286",286,14,4,"False","no_cursor_2_6",0,-13.107292377941,-9.05772016648299,-38.7015924668694,-42.8190839209945,-19.5175182859517,-38.4841152905049,8.72229713313354
"287",287,14,5,"False","no_cursor_2_6",0,-14.2229084645905,1.62652509189945,-17.3111314527614,-53.8169150276511,-0.595757629671496,6.55188956406226,-7.80426606528676
"288",288,14,6,"False","no_cursor_2_6",0,-25.2248594311681,-8.84830861653518,75.7778383355235,-18.286643051474,-27.3431077526381,-42.5785354748598,-10.6514109429568
"289",289,14,7,"False","no_cursor_2_6",0,-22.1714582085875,-22.1313210666325,-9.84639238005062,34.8797882576857,-9.27477570094075,25.1159836627655,5.09581678702615
"290",290,14,8,"False","no_cursor_2_6",0,-22.5813499398866,-5.94585229307133,-28.936338112311,29.6805818683963,1.72835799145157,-37.1263348093733,-3.00443647599228
"291",291,14,9,"False","no_cursor_2_6",0,-25.0900196420271,-5.11813546045445,-15.2556613576674,-27.104185376995,-23.8847848035786,4.99202019855868,9.56322975423785
"292",292,14,10,"False","no_cursor_2_6",0,-27.3751314227366,-41.546290783294,32.2924493998777,20.7232719861974,1.37574229329487,-59.7493664907175,-10.3989094338782
"293",293,14,11,"False","no_cursor_2_6",0,-13.7434179439964,8.92296029710468,-16.5519374220422,-10.5120487275613,-6.02100481557264,-20.5998023143792,-1.28254303540034
"294",294,14,12,"False","no_cursor_2_6",0,3.69535270392156,13.7862460530726,50.0079798014414,-46.0004675384707,-21.0672267814909,-15.2096226966953,15.4184255174314
"295",295,15,1,"True","topup_rotated_2_7",-45,-26.0259938884652,-23.3096717616657,-27.9846268866239,-27.0277257459497,-35.8529196151249,-36.0760115563686,-28.6389225446537
"296",296,15,2,"True","topup_rotated_2_7",-45,-48.1176047291462,-44.3785950867641,-53.7292108489927,-47.9019104688837,-23.2604872625398,-53.7560596159743,-46.8617312218425
"297",297,15,3,"True","topup_rotated_2_7",-45,-25.3879062910959,-46.9664645682958,-57.2454724722597,-29.1508455195025,-62.2496880042996,-46.3609827929761,-41.2194314656989
"298",298,15,4,"True","topup_rotated_2_7",-45,-35.7959590455317,-50.0360442952389,-48.9741632120877,-44.0122396003602,-50.4875570600913,-54.264523985133,-43.069412558833
"299",299,15,5,"True","topup_rotated_2_7",-45,-44.8869907194994,-45.8737241119672,-29.5822416459428,-41.3915311474337,-45.8478671887825,-43.4234499448163,-43.2211996843262
"300",300,15,6,"True","topup_rotated_2_7",-45,-47.0759104600412,-40.0415490805146,-53.35592914455,-48.8481794609251,-42.8972118882285,-57.1473863759087,-40.2459765363974
"301",301,15,7,"True","topup_rotated_2_7",-45,-46.9932481478683,-36.1353766115892,-44.1543672442804,-44.4393938248664,-36.6808033505003,-51.1466256596467,-56.8823941520927
"302",302,15,8,"True","topup_rotated_2_7",-45,-43.9769698113322,-43.82016217917,-40.9681989019263,-42.7722257349626,-43.4792303388562,-45.4696270196896,-53.3021612348839
"303",303,15,9,"True","topup_rotated_2_7",-45,-45.6108060659021,-40.3947622400092,-44.3259631020155,-49.3987053549955,-59.1985540238632,-47.7376297965076,-41.1700140915524
"304",304,15,10,"True","topup_rotated_2_7",-45,-43.3634229583833,-40.8150838748816,-34.6181948407618,-43.4587813562761,-51.9225586066836,-46.0764119973872,-55.5956854911166
"305",305,15,11,"True","topup_rotated_2_7",-45,-51.5340384961803,-37.0303896056786,-38.0922864505737,-41.3322119444686,-59.7827260426157,-48.3384705437644,-48.5680963046712
"306",306,15,12,"True","topup_rotated_2_7",-45,-49.5173709350924,-46.1088121277599,-45.2122056204881,-45.4006632557922,-44.6484965601267,-51.9225586066836,-37.905250832389
"307",307,15,13,"True","topup_rotated_2_7",-45,-41.9023089577948,-44.2868113649824,-46.1691393279074,-41.8004602904374,-47.2176351081916,-36.2069431829193,-54.4066772470358
"308",308,15,14,"True","topup_rotated_2_7",-45,-38.6045301433946,-45.3988040897368,-43.0837556275036,-42.8871333906294,-49.3461243546025,-53.5691418798377,-71.9165546169513
"309",309,15,15,"True","topup_rotated_2_7",-45,-46.4502162909334,-47.7791668640721,-41.2686030008396,-44.1286484823216,-54.0099447465145,-51.7255170973253,-47.2176351081916
"310",310,16,1,"False","no_cursor_2_8",0,-5.91112838428341,-102.676214753561,-54.3652450789552,5.97472393563298,-4.10681967181199,-34.6447749701083,-9.89230707017273
"311",311,16,2,"False","no_cursor_2_8",0,-22.3942204256181,-8.96248897457818,-20.6806239755856,-40.6342666557674,-44.5470392620889,-34.0934920004856,-32.6710042851774
"312",312,16,3,"False","no_cursor_2_8",0,-23.3161269586635,-29.6022512235196,46.2034479016918,-25.7552575269645,-4.82393172341589,-37.3281354067274,-13.6214847041173
"313",313,16,4,"False","no_cursor_2_8",0,-39.3014870354167,-9.03624346792648,53.4596141718034,-41.7172982399533,9.08001222670467,-38.0832100099121,-33.3510604794784
"314",314,16,5,"False","no_cursor_2_8",0,-27.5479225565953,20.0151424034364,-35.5560452195835,37.3369992339329,-26.9712462067327,13.1239842805052,9.49452214202168
"315",315,16,6,"False","no_cursor_2_8",0,-33.5400392695143,-15.6585431775636,10.4328286793987,-62.1980045635773,-24.9788586961913,-12.6237849002808,-44.5695773794734
"316",316,16,7,"False","no_cursor_2_8",0,-15.8067910127112,4.28687697720898,-22.5238204386386,-38.72212389964,6.14204123637165,-32.4994962542543,-15.0299397463177
"317",317,16,8,"False","no_cursor_2_8",0,-47.1998121158183,-23.6459512792207,69.9513855058617,55.6355631748976,-12.3404866607368,-48.3715643116526,0.211463110559833
"318",318,16,9,"False","no_cursor_2_8",0,-32.2025981617658,-8.31539851989602,71.9924204508279,-18.7838496256184,-22.8589993660291,-29.5094722001009,11.3567726734048
"319",319,16,10,"False","no_cursor_2_8",0,-45.3141001604973,-14.3740648669064,-12.0342408095602,28.5263945940551,-4.8437233906944,8.79392734319006,1.64307410258121
"320",320,16,11,"False","no_cursor_2_8",0,-16.6426876871687,-26.8024342077835,-10.7373030126043,-41.4295656148385,-7.51110079835995,-68.7260799533639,-11.5577847141027
"321",321,16,12,"False","no_cursor_2_8",0,14.5723907608144,17.3801350519596,-12.8270588530833,-60.4375384788437,1.2258290644258,22.6791582439166,53.6069686322613
