"","ppid","trial_num","block_num","trial_num_in_block","start_time","end_time","target_angle","angular_dev_h","plane_visible","high_targets","rotated_session"
"1",1,46,2,1,340.546,344.3014,80,-11.6022360840739,FALSE,FALSE,FALSE
"2",1,47,2,2,344.3014,347.4127,100,-4.66784111834043,FALSE,FALSE,FALSE
"3",1,48,2,3,347.4127,350.3685,60,13.3444485227984,FALSE,FALSE,FALSE
"4",1,49,2,4,350.3685,353.6907,120,-5.60056407582485,FALSE,FALSE,FALSE
"5",1,50,2,5,353.6907,358.1241,140,-33.9860411726737,FALSE,FALSE,FALSE
"6",1,51,2,6,358.1241,361.3019,40,11.8675089613229,FALSE,FALSE,FALSE
"7",1,52,2,7,361.3019,364.8352,140,-19.8774881290383,FALSE,FALSE,FALSE
"8",1,53,2,8,364.8352,368.5464,60,10.6410058243053,FALSE,FALSE,FALSE
"9",1,54,2,9,368.5464,371.5243,80,17.2243156940453,FALSE,FALSE,FALSE
"10",1,55,2,10,371.5243,374.6131,120,-17.1957339347132,FALSE,FALSE,FALSE
"11",1,56,2,11,374.6131,377.4244,40,16.6758676959515,FALSE,FALSE,FALSE
"12",1,57,2,12,377.4244,380.9912,100,5.03781590358226,FALSE,FALSE,FALSE
"13",1,73,4,1,424.2913,427.7026,100,-19.0085037420252,TRUE,FALSE,FALSE
"14",1,74,4,2,427.7026,430.4141,80,-22.1566089328352,TRUE,FALSE,FALSE
"15",1,75,4,3,430.4141,433.814,40,4.07595464722726,TRUE,FALSE,FALSE
"16",1,76,4,4,433.814,437.4808,60,10.5328064855123,TRUE,FALSE,FALSE
"17",1,77,4,5,437.4808,440.7245,120,-25.2363583092738,TRUE,FALSE,FALSE
"18",1,78,4,6,440.7245,444.4138,140,-35.5977842093342,TRUE,FALSE,FALSE
"19",1,79,4,7,444.4138,447.714,40,-3.71826300513694,TRUE,FALSE,FALSE
"20",1,80,4,8,447.714,450.9364,60,1.5331057681195,TRUE,FALSE,FALSE
"21",1,81,4,9,450.9364,455.2808,120,-43.3245312618908,TRUE,FALSE,FALSE
"22",1,82,4,10,455.2808,458.3252,100,-27.4179707922028,TRUE,FALSE,FALSE
"23",1,83,4,11,458.3252,461.6809,140,-59.5222550099252,TRUE,FALSE,FALSE
"24",1,84,4,12,461.6809,464.9699,80,-26.902978346275,TRUE,FALSE,FALSE
"25",1,100,6,1,507.0373,510.3927,140,-26.6147789427862,FALSE,TRUE,FALSE
"26",1,101,6,2,510.3927,512.9927,120,-7.63717485068993,FALSE,TRUE,FALSE
"27",1,102,6,3,512.9927,515.5817,100,2.93378035320224,FALSE,TRUE,FALSE
"28",1,103,6,4,515.5817,519.2039,60,20.2362824682952,FALSE,TRUE,FALSE
"29",1,104,6,5,519.2039,523.1707,80,-6.30170834430737,FALSE,TRUE,FALSE
"30",1,105,6,6,523.1707,528.3373,40,17.2647737278924,FALSE,TRUE,FALSE
"31",1,106,6,7,528.3373,531.1374,80,-11.4017443627045,FALSE,TRUE,FALSE
"32",1,107,6,8,531.1374,536.9818,120,-38.5221973761982,FALSE,TRUE,FALSE
"33",1,108,6,9,536.9818,540.1041,140,-32.7934274119585,FALSE,TRUE,FALSE
"34",1,109,6,10,540.1041,543.2933,100,-14.7910493803425,FALSE,TRUE,FALSE
"35",1,110,6,11,543.2933,546.0043,40,22.4935535999008,FALSE,TRUE,FALSE
"36",1,111,6,12,546.0043,548.6264,60,15.4049727580139,FALSE,TRUE,FALSE
"37",1,127,8,1,590.5825,595.316,120,-4.3652450789552,TRUE,TRUE,FALSE
"38",1,128,8,2,595.316,598.1381,40,12.3995946598871,TRUE,TRUE,FALSE
"39",1,129,8,3,598.1381,601.0937,100,-3.07278187399083,TRUE,TRUE,FALSE
"40",1,130,8,4,601.0937,604.2715,80,16.9409834287426,TRUE,TRUE,FALSE
"41",1,131,8,5,604.2715,607.3494,60,8.58999017074331,TRUE,TRUE,FALSE
"42",1,132,8,6,607.3494,610.116,140,-33.1625273743236,TRUE,TRUE,FALSE
"43",1,133,8,7,610.116,613.2159,40,17.871740002178,TRUE,TRUE,FALSE
"44",1,134,8,8,613.2159,616.1161,80,6.87488491635689,TRUE,TRUE,FALSE
"45",1,135,8,9,616.1161,619.0382,100,0.539183728628245,TRUE,TRUE,FALSE
"46",1,136,8,10,619.0382,622.4495,140,-20.0240038675663,TRUE,TRUE,FALSE
"47",1,137,8,11,622.4495,625.4608,120,-19.1715333318181,TRUE,TRUE,FALSE
"48",1,138,8,12,625.4608,628.7166,60,-2.30345104838724,TRUE,TRUE,FALSE
"49",1,229,10,1,1086.646,1089.568,80,-45.1755108430432,FALSE,FALSE,TRUE
"50",1,230,10,2,1089.568,1092.446,60,-7.89157669422342,FALSE,FALSE,TRUE
"51",1,231,10,3,1092.446,1095.301,120,-11.4648838324267,FALSE,FALSE,TRUE
"52",1,232,10,4,1095.301,1099.623,100,0.166858505520182,FALSE,FALSE,TRUE
"53",1,233,10,5,1099.623,1116.19,140,-37.2928864986834,FALSE,FALSE,TRUE
"54",1,234,10,6,1116.19,1120.046,40,-6.56013079421778,FALSE,FALSE,TRUE
"55",1,235,10,7,1120.046,1123.546,80,-12.4744137364506,FALSE,FALSE,TRUE
"56",1,236,10,8,1123.546,1127.246,40,1.71613771209364,FALSE,FALSE,TRUE
"57",1,237,10,9,1127.246,1133.435,60,11.7354048262732,FALSE,FALSE,TRUE
"58",1,238,10,10,1133.435,1137.702,120,-6.34338612204603,FALSE,FALSE,TRUE
"59",1,239,10,11,1137.702,1141.091,140,-28.8387401831717,FALSE,FALSE,TRUE
"60",1,240,10,12,1141.091,1144.446,100,-18.8958569696633,FALSE,FALSE,TRUE
"61",1,256,12,1,1195.769,1198.391,80,-37.1893157774478,TRUE,FALSE,TRUE
"62",1,257,12,2,1198.391,1200.903,120,-33.7619783042636,TRUE,FALSE,TRUE
"63",1,258,12,3,1200.903,1212.925,100,-17.4514297919696,TRUE,FALSE,TRUE
"64",1,259,12,4,1212.925,1218.303,40,-23.525381026035,TRUE,FALSE,TRUE
"65",1,260,12,5,1218.303,1225.114,140,-49.3279395682437,TRUE,FALSE,TRUE
"66",1,261,12,6,1225.114,1229.225,60,-14.2808438834549,TRUE,FALSE,TRUE
"67",1,262,12,7,1229.225,1233.247,100,-21.1159294473316,TRUE,FALSE,TRUE
"68",1,263,12,8,1233.247,1236.259,80,-8.48864681986456,TRUE,FALSE,TRUE
"69",1,264,12,9,1236.259,1239.059,60,4.77372088438079,TRUE,FALSE,TRUE
"70",1,265,12,10,1239.059,1242.081,120,-6.64791943768813,TRUE,FALSE,TRUE
"71",1,266,12,11,1242.081,1246.547,140,-29.4084885023632,TRUE,FALSE,TRUE
"72",1,267,12,12,1246.547,1251.636,40,-4.53323279003003,TRUE,FALSE,TRUE
"73",1,283,14,1,1311.237,1314.271,80,-34.0651867880207,FALSE,TRUE,TRUE
"74",1,284,14,2,1314.271,1316.915,60,-3.97968146805272,FALSE,TRUE,TRUE
"75",1,285,14,3,1316.915,1319.471,40,3.94126627679719,FALSE,TRUE,TRUE
"76",1,286,14,4,1319.471,1322.571,100,-13.107292377941,FALSE,TRUE,TRUE
"77",1,287,14,5,1322.571,1327.182,120,-14.2229084645905,FALSE,TRUE,TRUE
"78",1,288,14,6,1327.182,1330.271,140,-25.2248594311681,FALSE,TRUE,TRUE
"79",1,289,14,7,1330.271,1333.371,100,-22.1714582085875,FALSE,TRUE,TRUE
"80",1,290,14,8,1333.371,1336.771,120,-22.5813499398866,FALSE,TRUE,TRUE
"81",1,291,14,9,1336.771,1339.371,140,-25.0900196420271,FALSE,TRUE,TRUE
"82",1,292,14,10,1339.371,1342.071,60,-27.3751314227366,FALSE,TRUE,TRUE
"83",1,293,14,11,1342.071,1347.571,80,-13.7434179439964,FALSE,TRUE,TRUE
"84",1,294,14,12,1347.571,1350.66,40,3.69535270392156,FALSE,TRUE,TRUE
"85",1,310,16,1,1401.65,1404.772,40,-5.91112838428341,TRUE,TRUE,TRUE
"86",1,311,16,2,1404.772,1415.394,120,-22.3942204256181,TRUE,TRUE,TRUE
"87",1,312,16,3,1415.394,1418.883,60,-23.3161269586635,TRUE,TRUE,TRUE
"88",1,313,16,4,1418.883,1422.394,140,-39.3014870354167,TRUE,TRUE,TRUE
"89",1,314,16,5,1422.394,1425.305,80,-27.5479225565953,TRUE,TRUE,TRUE
"90",1,315,16,6,1425.305,1436.05,100,-33.5400392695143,TRUE,TRUE,TRUE
"91",1,316,16,7,1436.05,1439.617,40,-15.8067910127112,TRUE,TRUE,TRUE
"92",1,317,16,8,1439.617,1449.117,100,-47.1998121158183,TRUE,TRUE,TRUE
"93",1,318,16,9,1449.117,1452.394,120,-32.2025981617658,TRUE,TRUE,TRUE
"94",1,319,16,10,1452.394,1456.317,140,-45.3141001604973,TRUE,TRUE,TRUE
"95",1,320,16,11,1456.317,1459.206,80,-16.6426876871687,TRUE,TRUE,TRUE
"96",1,321,16,12,1459.206,1462.661,60,14.5723907608144,TRUE,TRUE,TRUE
"97",2,46,2,1,340.3408,343.8742,40,22.8389154007793,FALSE,FALSE,FALSE
"98",2,47,2,2,343.8742,346.752,80,5.06705337132261,FALSE,FALSE,FALSE
"99",2,48,2,3,346.752,350.041,140,0.75826016436676,FALSE,FALSE,FALSE
"100",2,49,2,4,350.041,353.0079,120,2.61301323762893,FALSE,FALSE,FALSE
"101",2,50,2,5,353.0079,355.7522,60,11.7258434009313,FALSE,FALSE,FALSE
"102",2,51,2,6,355.7522,359.5967,100,-5.16958004171006,FALSE,FALSE,FALSE
"103",2,52,2,7,359.5967,362.5522,40,5.11621846031255,FALSE,FALSE,FALSE
"104",2,53,2,8,362.5522,366.3079,60,-11.1146839472003,FALSE,FALSE,FALSE
"105",2,54,2,9,366.3079,370.2302,120,-12.7796207250217,FALSE,FALSE,FALSE
"106",2,55,2,10,370.2302,373.0414,80,-4.35259731789164,FALSE,FALSE,FALSE
"107",2,56,2,11,373.0414,376.1302,100,-14.4971516146678,FALSE,FALSE,FALSE
"108",2,57,2,12,376.1302,384.5972,140,-2.79241222059349,FALSE,FALSE,FALSE
"109",2,73,4,1,422.0752,424.8306,120,-14.7598919802543,TRUE,FALSE,FALSE
"110",2,74,4,2,424.8306,427.2641,60,10.9513905391915,TRUE,FALSE,FALSE
"111",2,75,4,3,427.2641,431.9755,80,7.32318553291354,TRUE,FALSE,FALSE
"112",2,76,4,4,431.9755,434.8315,40,10.6703573438939,TRUE,FALSE,FALSE
"113",2,77,4,5,434.8315,438.2415,100,11.2580803060729,TRUE,FALSE,FALSE
"114",2,78,4,6,438.2415,443.2307,140,-14.8475569741162,TRUE,FALSE,FALSE
"115",2,79,4,7,443.2307,447.9421,140,-13.701026160727,TRUE,FALSE,FALSE
"116",2,80,4,8,447.9421,450.709,40,-1.26619809847925,TRUE,FALSE,FALSE
"117",2,81,4,9,450.709,454.1311,60,-14.1417004699685,TRUE,FALSE,FALSE
"118",2,82,4,10,454.1311,458.6866,100,-6.0995062576181,TRUE,FALSE,FALSE
"119",2,83,4,11,458.6866,463.22,80,-9.56712909805333,TRUE,FALSE,FALSE
"120",2,84,4,12,463.22,468.6092,120,3.92552830802988,TRUE,FALSE,FALSE
"121",2,100,6,1,507.5651,510.4099,80,-12.0639646829773,FALSE,TRUE,FALSE
"122",2,101,6,2,510.4099,515.9319,100,2.4440507006904,FALSE,TRUE,FALSE
"123",2,102,6,3,515.9319,519.0209,60,-4.70479441613593,FALSE,TRUE,FALSE
"124",2,103,6,4,519.0209,521.9877,40,9.45899552514572,FALSE,TRUE,FALSE
"125",2,104,6,5,521.9877,525.5209,140,-12.7156735635484,FALSE,TRUE,FALSE
"126",2,105,6,6,525.5209,529.2542,120,-17.3502195922502,FALSE,TRUE,FALSE
"127",2,106,6,7,529.2542,532.6099,100,-21.6445568430581,FALSE,TRUE,FALSE
"128",2,107,6,8,532.6099,535.7768,120,-9.54496980183472,FALSE,TRUE,FALSE
"129",2,108,6,9,535.7768,538.5876,40,-9.19548646955019,FALSE,TRUE,FALSE
"130",2,109,6,10,538.5876,541.8211,80,-16.7992288084325,FALSE,TRUE,FALSE
"131",2,110,6,11,541.8211,545.2101,140,11.5208921890035,FALSE,TRUE,FALSE
"132",2,111,6,12,545.2101,548.4767,60,-23.0544144463818,FALSE,TRUE,FALSE
"133",2,127,8,1,587.1882,592.7881,140,19.7924400186423,TRUE,TRUE,FALSE
"134",2,128,8,2,592.7881,596.2328,60,-17.8734384975935,TRUE,TRUE,FALSE
"135",2,129,8,3,596.2328,602.1773,100,-2.11165055511211,TRUE,TRUE,FALSE
"136",2,130,8,4,602.1773,605.5778,40,7.12109639666145,TRUE,TRUE,FALSE
"137",2,131,8,5,605.5778,608.9886,120,24.4417196272836,TRUE,TRUE,FALSE
"138",2,132,8,6,608.9886,612.8552,80,-29.9232697342532,TRUE,TRUE,FALSE
"139",2,133,8,7,612.8552,617.5992,100,5.48416971391568,TRUE,TRUE,FALSE
"140",2,134,8,8,617.5992,620.433,80,-29.8532976780721,TRUE,TRUE,FALSE
"141",2,135,8,9,620.433,623.9554,140,6.44788352249086,TRUE,TRUE,FALSE
"142",2,136,8,10,623.9554,627.5555,120,-13.3648808422126,TRUE,TRUE,FALSE
"143",2,137,8,11,627.5555,632.1222,40,-11.0908163488522,TRUE,TRUE,FALSE
"144",2,138,8,12,632.1222,635.5889,60,-21.9419633630583,TRUE,TRUE,FALSE
"145",2,229,10,1,906.9367,910.67,120,-12.8580631587512,FALSE,FALSE,TRUE
"146",2,230,10,2,910.67,913.57,100,-23.4520103571352,FALSE,FALSE,TRUE
"147",2,231,10,3,913.57,916.4704,80,-31.2880262388282,FALSE,FALSE,TRUE
"148",2,232,10,4,916.4704,919.4036,40,-5.70768647479398,FALSE,FALSE,TRUE
"149",2,233,10,5,919.4036,924.2701,140,-5.36034606338723,FALSE,FALSE,TRUE
"150",2,234,10,6,924.2701,927.4148,60,-11.4465808802185,FALSE,FALSE,TRUE
"151",2,235,10,7,927.4148,930.6927,60,-13.592258512126,FALSE,FALSE,TRUE
"152",2,236,10,8,930.6927,934.4598,120,4.61114218453041,FALSE,FALSE,TRUE
"153",2,237,10,9,934.4598,938.0928,80,-27.8898927789202,FALSE,FALSE,TRUE
"154",2,238,10,10,938.0928,943.0927,140,18.3317588491321,FALSE,FALSE,TRUE
"155",2,239,10,11,943.0927,947.3486,40,-2.60285546248866,FALSE,FALSE,TRUE
"156",2,240,10,12,947.3486,950.8708,100,-7.36554923559837,FALSE,FALSE,TRUE
"157",2,256,12,1,990.9375,995.0602,100,-49.2256740973367,TRUE,FALSE,TRUE
"158",2,257,12,2,995.0602,998.3044,80,-23.8195005426558,TRUE,FALSE,TRUE
"159",2,258,12,3,998.3044,1009.26,60,-27.4596934127428,TRUE,FALSE,TRUE
"160",2,259,12,4,1009.26,1013.905,40,-7.08611908830732,TRUE,FALSE,TRUE
"161",2,260,12,5,1013.905,1017.771,120,11.3255004791704,TRUE,FALSE,TRUE
"162",2,261,12,6,1017.771,1027.338,140,-5.64374571417537,TRUE,FALSE,TRUE
"163",2,262,12,7,1027.338,1032.038,80,-11.2702524577603,TRUE,FALSE,TRUE
"164",2,263,12,8,1032.038,1035.794,100,-15.4320379112729,TRUE,FALSE,TRUE
"165",2,264,12,9,1035.794,1049.872,60,5.4515726975451,TRUE,FALSE,TRUE
"166",2,265,12,10,1049.872,1053.383,120,11.7366686817647,TRUE,FALSE,TRUE
"167",2,266,12,11,1053.383,1056.405,40,-5.16569487954271,TRUE,FALSE,TRUE
"168",2,267,12,12,1056.405,1060.561,140,4.28469204490716,TRUE,FALSE,TRUE
"169",2,283,14,1,1100.161,1103.806,80,-33.9006423612244,FALSE,TRUE,TRUE
"170",2,284,14,2,1103.806,1107.039,60,-23.4889438805047,FALSE,TRUE,TRUE
"171",2,285,14,3,1107.039,1110.062,40,8.01278750418334,FALSE,TRUE,TRUE
"172",2,286,14,4,1110.062,1113.395,100,-9.05772016648299,FALSE,TRUE,TRUE
"173",2,287,14,5,1113.395,1117.661,140,1.62652509189945,FALSE,TRUE,TRUE
"174",2,288,14,6,1117.661,1121.006,120,-8.84830861653518,FALSE,TRUE,TRUE
"175",2,289,14,7,1121.006,1124.195,100,-22.1313210666325,FALSE,TRUE,TRUE
"176",2,290,14,8,1124.195,1127.495,60,-5.94585229307133,FALSE,TRUE,TRUE
"177",2,291,14,9,1127.495,1131.862,140,-5.11813546045445,FALSE,TRUE,TRUE
"178",2,292,14,10,1131.862,1135.273,80,-41.546290783294,FALSE,TRUE,TRUE
"179",2,293,14,11,1135.273,1145.995,120,8.92296029710468,FALSE,TRUE,TRUE
"180",2,294,14,12,1145.995,1149.417,40,13.7862460530726,FALSE,TRUE,TRUE
"181",2,310,16,1,1189.796,1197.74,140,-102.676214753561,TRUE,TRUE,TRUE
"182",2,311,16,2,1197.74,1201.285,120,-8.96248897457818,TRUE,TRUE,TRUE
"183",2,312,16,3,1201.285,1204.452,80,-29.6022512235196,TRUE,TRUE,TRUE
"184",2,313,16,4,1204.452,1208.352,40,-9.03624346792648,TRUE,TRUE,TRUE
"185",2,314,16,5,1208.352,1217.941,100,20.0151424034364,TRUE,TRUE,TRUE
"186",2,315,16,6,1217.941,1221.374,60,-15.6585431775636,TRUE,TRUE,TRUE
"187",2,316,16,7,1221.374,1226.952,120,4.28687697720898,TRUE,TRUE,TRUE
"188",2,317,16,8,1226.952,1230.185,100,-23.6459512792207,TRUE,TRUE,TRUE
"189",2,318,16,9,1230.185,1234.152,40,-8.31539851989602,TRUE,TRUE,TRUE
"190",2,319,16,10,1234.152,1238.374,80,-14.3740648669064,TRUE,TRUE,TRUE
"191",2,320,16,11,1238.374,1242.341,60,-26.8024342077835,TRUE,TRUE,TRUE
"192",2,321,16,12,1242.341,1246.152,140,17.3801350519596,TRUE,TRUE,TRUE
"193",3,46,2,1,216.0984,219.2762,60,17.2265008961878,FALSE,FALSE,FALSE
"194",3,47,2,2,219.2762,222.6205,40,28.1336293402214,FALSE,FALSE,FALSE
"195",3,48,2,3,222.6205,225.4758,80,12.8624052261118,FALSE,FALSE,FALSE
"196",3,49,2,4,225.4758,228.5428,140,29.0567021811839,FALSE,FALSE,FALSE
"197",3,50,2,5,228.5428,231.7209,100,-2.74362175781118,FALSE,FALSE,FALSE
"198",3,51,2,6,231.7209,235.1207,120,21.2178173495213,FALSE,FALSE,FALSE
"199",3,52,2,7,235.1207,239.9317,40,4.88378153968743,FALSE,FALSE,FALSE
"200",3,53,2,8,239.9317,243.9874,80,0.684288985580068,FALSE,FALSE,FALSE
"201",3,54,2,9,243.9874,250.2766,100,10.5740344747265,FALSE,FALSE,FALSE
"202",3,55,2,10,250.2766,253.9542,120,7.16238632210155,FALSE,FALSE,FALSE
"203",3,56,2,11,253.9542,257.8209,60,8.32334977104676,FALSE,FALSE,FALSE
"204",3,57,2,12,257.8209,260.9321,140,24.6890102473542,FALSE,FALSE,FALSE
"205",3,73,4,1,311.1772,314.1106,40,14.7015062359294,TRUE,FALSE,FALSE
"206",3,74,4,2,314.1106,317.1552,140,-4.76126896690107,TRUE,FALSE,FALSE
"207",3,75,4,3,317.1552,320.2661,120,27.2105779632072,TRUE,FALSE,FALSE
"208",3,76,4,4,320.2661,325.9108,80,-9.17900802581075,TRUE,FALSE,FALSE
"209",3,77,4,5,325.9108,330.8553,100,16.8824760708305,TRUE,FALSE,FALSE
"210",3,78,4,6,330.8553,334.133,60,7.31213629500166,TRUE,FALSE,FALSE
"211",3,79,4,7,334.133,337.5552,100,8.27995610942959,TRUE,FALSE,FALSE
"212",3,80,4,8,337.5552,341.8554,140,35.1275493091545,TRUE,FALSE,FALSE
"213",3,81,4,9,341.8554,345.9449,120,34.1736786816244,TRUE,FALSE,FALSE
"214",3,82,4,10,345.9449,349.3112,60,-6.22362641437438,TRUE,FALSE,FALSE
"215",3,83,4,11,349.3112,353.3112,40,-1.48519160142817,TRUE,FALSE,FALSE
"216",3,84,4,12,353.3112,356.5556,80,-13.2419307319426,TRUE,FALSE,FALSE
"217",3,100,6,1,415.4341,419.6341,140,14.3589941756947,FALSE,TRUE,FALSE
"218",3,101,6,2,419.6341,423.8009,60,13.3579086443202,FALSE,TRUE,FALSE
"219",3,102,6,3,423.8009,428.9676,40,20.5479395582888,FALSE,TRUE,FALSE
"220",3,103,6,4,428.9676,432.9341,120,28.8268081309598,FALSE,TRUE,FALSE
"221",3,104,6,5,432.9341,436.2009,100,14.1022345011612,FALSE,TRUE,FALSE
"222",3,105,6,6,436.2009,439.9565,80,-24.3961417401287,FALSE,TRUE,FALSE
"223",3,106,6,7,439.9565,443.001,120,33.9281571240055,FALSE,TRUE,FALSE
"224",3,107,6,8,443.001,447.4011,60,2.49447330485938,FALSE,TRUE,FALSE
"225",3,108,6,9,447.4011,451.2345,140,31.0563155174356,FALSE,TRUE,FALSE
"226",3,109,6,10,451.2345,454.4456,80,-15.4551376733712,FALSE,TRUE,FALSE
"227",3,110,6,11,454.4456,458.0345,100,-6.19855929549672,FALSE,TRUE,FALSE
"228",3,111,6,12,458.0345,462.3907,40,19.0874919153623,FALSE,TRUE,FALSE
"229",3,127,8,1,524.8356,529.6801,120,31.5637352252825,TRUE,TRUE,FALSE
"230",3,128,8,2,529.6801,533.2911,100,41.6757037369033,TRUE,TRUE,FALSE
"231",3,129,8,3,533.2911,537.0912,60,-9.66489425934429,TRUE,TRUE,FALSE
"232",3,130,8,4,537.0912,543.3134,140,32.316018170266,TRUE,TRUE,FALSE
"233",3,131,8,5,543.3134,547.3355,80,-15.9346829502881,TRUE,TRUE,FALSE
"234",3,132,8,6,547.3355,550.8359,40,7.5246337561356,TRUE,TRUE,FALSE
"235",3,133,8,7,550.8359,554.9803,40,5.93155659807748,TRUE,TRUE,FALSE
"236",3,134,8,8,554.9803,558.8915,100,64.1047316274187,TRUE,TRUE,FALSE
"237",3,135,8,9,558.8915,562.7023,120,75.2401080197457,TRUE,TRUE,FALSE
"238",3,136,8,10,562.7023,566.9805,60,-18.154842864792,TRUE,TRUE,FALSE
"239",3,137,8,11,566.9805,573.2805,140,60.3392221126522,TRUE,TRUE,FALSE
"240",3,138,8,12,573.2805,580.5804,80,-14.1099892252815,TRUE,TRUE,FALSE
"241",3,229,10,1,935.7963,980.0743,140,20.8355654902207,FALSE,FALSE,TRUE
"242",3,230,10,2,980.0743,987.2079,100,-22.8445924800194,FALSE,FALSE,TRUE
"243",3,231,10,3,987.2079,991.4302,60,-26.5577857780723,FALSE,FALSE,TRUE
"244",3,232,10,4,991.4302,994.7968,120,42.5578450283005,FALSE,FALSE,TRUE
"245",3,233,10,5,994.7968,998.7303,80,-36.8255423073299,FALSE,FALSE,TRUE
"246",3,234,10,6,998.7303,1005.298,40,-13.5932240543361,FALSE,FALSE,TRUE
"247",3,235,10,7,1005.298,1015.897,80,-43.3102771675242,FALSE,FALSE,TRUE
"248",3,236,10,8,1015.897,1019.986,40,-19.1044739297124,FALSE,FALSE,TRUE
"249",3,237,10,9,1019.986,1022.975,120,18.8607326248833,FALSE,FALSE,TRUE
"250",3,238,10,10,1022.975,1026.886,100,-26.3523835431911,FALSE,FALSE,TRUE
"251",3,239,10,11,1026.886,1030.075,140,56.3138524262605,FALSE,FALSE,TRUE
"252",3,240,10,12,1030.075,1033.075,60,-25.5947657123372,FALSE,FALSE,TRUE
"253",3,256,12,1,1078.009,1082.532,140,26.1793152573826,TRUE,FALSE,TRUE
"254",3,257,12,2,1082.532,1087.32,120,50.1975032847548,TRUE,FALSE,TRUE
"255",3,258,12,3,1087.32,1090.865,100,6.21705488879576,TRUE,FALSE,TRUE
"256",3,259,12,4,1090.865,1094.82,80,-29.5254440242132,TRUE,FALSE,TRUE
"257",3,260,12,5,1094.82,1101.62,60,-29.2403237429406,TRUE,FALSE,TRUE
"258",3,261,12,6,1101.62,1106.643,40,-28.9765440362569,TRUE,FALSE,TRUE
"259",3,262,12,7,1106.643,1111.054,60,-21.8748180287043,TRUE,FALSE,TRUE
"260",3,263,12,8,1111.054,1114.221,140,54.2737024142114,TRUE,FALSE,TRUE
"261",3,264,12,9,1114.221,1120.12,40,-8.11454498833195,TRUE,FALSE,TRUE
"262",3,265,12,10,1120.12,1125.11,80,-19.3890114663203,TRUE,FALSE,TRUE
"263",3,266,12,11,1125.11,1129.521,120,61.0282753737599,TRUE,FALSE,TRUE
"264",3,267,12,12,1129.521,1132.721,100,10.0276138507363,TRUE,FALSE,TRUE
"265",3,283,14,1,1187.033,1193.944,100,-44.8544555661037,FALSE,TRUE,TRUE
"266",3,284,14,2,1193.944,1197.177,120,21.0617887887287,FALSE,TRUE,TRUE
"267",3,285,14,3,1197.177,1202.21,40,-19.9894332455929,FALSE,TRUE,TRUE
"268",3,286,14,4,1202.21,1206.322,80,-38.7015924668694,FALSE,TRUE,TRUE
"269",3,287,14,5,1206.322,1210.311,60,-17.3111314527614,FALSE,TRUE,TRUE
"270",3,288,14,6,1210.311,1214.333,140,75.7778383355235,FALSE,TRUE,TRUE
"271",3,289,14,7,1214.333,1219.555,100,-9.84639238005062,FALSE,TRUE,TRUE
"272",3,290,14,8,1219.555,1224.255,60,-28.936338112311,FALSE,TRUE,TRUE
"273",3,291,14,9,1224.255,1229.233,80,-15.2556613576674,FALSE,TRUE,TRUE
"274",3,292,14,10,1229.233,1232.533,120,32.2924493998777,FALSE,TRUE,TRUE
"275",3,293,14,11,1232.533,1236.433,40,-16.5519374220422,FALSE,TRUE,TRUE
"276",3,294,14,12,1236.433,1239.9,140,50.0079798014414,FALSE,TRUE,TRUE
"277",3,310,16,1,1289.512,1294.589,80,-54.3652450789552,TRUE,TRUE,TRUE
"278",3,311,16,2,1294.589,1299.745,40,-20.6806239755856,TRUE,TRUE,TRUE
"279",3,312,16,3,1299.745,1304.634,140,46.2034479016918,TRUE,TRUE,TRUE
"280",3,313,16,4,1304.634,1308.268,120,53.4596141718034,TRUE,TRUE,TRUE
"281",3,314,16,5,1308.268,1314.501,60,-35.5560452195835,TRUE,TRUE,TRUE
"282",3,315,16,6,1314.501,1317.778,100,10.4328286793987,TRUE,TRUE,TRUE
"283",3,316,16,7,1317.778,1323.012,60,-22.5238204386386,TRUE,TRUE,TRUE
"284",3,317,16,8,1323.012,1327.934,140,69.9513855058617,TRUE,TRUE,TRUE
"285",3,318,16,9,1327.934,1331.479,120,71.9924204508279,TRUE,TRUE,TRUE
"286",3,319,16,10,1331.479,1335.812,100,-12.0342408095602,TRUE,TRUE,TRUE
"287",3,320,16,11,1335.812,1340.201,80,-10.7373030126043,TRUE,TRUE,TRUE
"288",3,321,16,12,1340.201,1344.045,40,-12.8270588530833,TRUE,TRUE,TRUE
"289",4,46,2,1,478.3607,481.3161,100,0.577970467567283,TRUE,FALSE,FALSE
"290",4,47,2,2,481.3161,485.0607,120,18.6350820410352,TRUE,FALSE,FALSE
"291",4,48,2,3,485.0607,488.4609,60,-19.1596422937126,TRUE,FALSE,FALSE
"292",4,49,2,4,488.4609,492.9716,40,-10.4972431068066,TRUE,FALSE,FALSE
"293",4,50,2,5,492.9716,501.8611,80,12.3579059707169,TRUE,FALSE,FALSE
"294",4,51,2,6,501.8611,506.5166,140,-2.47050579516224,TRUE,FALSE,FALSE
"295",4,52,2,7,506.5166,509.8499,140,-0.120726216993262,TRUE,FALSE,FALSE
"296",4,53,2,8,509.8499,513.5056,80,-7.47477425625567,TRUE,FALSE,FALSE
"297",4,54,2,9,513.5056,517.0279,120,-3.43494882292198,TRUE,FALSE,FALSE
"298",4,55,2,10,517.0279,523.9722,60,-8.15722658736907,TRUE,FALSE,FALSE
"299",4,56,2,11,523.9722,531.6281,100,0.462330723507279,TRUE,FALSE,FALSE
"300",4,57,2,12,531.6281,535.3282,40,-10.6816859825666,TRUE,FALSE,FALSE
"301",4,73,4,1,590.9622,594.7957,80,-5.67396115534969,FALSE,FALSE,FALSE
"302",4,74,4,2,594.7957,598.1734,100,9.60408815082944,FALSE,FALSE,FALSE
"303",4,75,4,3,598.1734,601.0958,40,3.98602127721469,FALSE,FALSE,FALSE
"304",4,76,4,4,601.0958,606.7623,140,0.287706447652539,FALSE,FALSE,FALSE
"305",4,77,4,5,606.7623,610.6068,120,-0.233991941657919,FALSE,FALSE,FALSE
"306",4,78,4,6,610.6068,616.3402,60,-1.25231705571719,FALSE,FALSE,FALSE
"307",4,79,4,7,616.3402,621.3513,80,-5.08952442565494,FALSE,FALSE,FALSE
"308",4,80,4,8,621.3513,624.8514,140,-0.21430450762503,FALSE,FALSE,FALSE
"309",4,81,4,9,624.8514,631.1072,100,-11.4878675288278,FALSE,FALSE,FALSE
"310",4,82,4,10,631.1072,643.1072,60,2.59242456218159,FALSE,FALSE,FALSE
"311",4,83,4,11,643.1072,650.885,120,-9.12263586642088,FALSE,FALSE,FALSE
"312",4,84,4,12,650.885,657.9851,40,-13.1281470456721,FALSE,FALSE,FALSE
"313",4,100,6,1,705.1857,711.4415,120,37.6024020471752,TRUE,TRUE,FALSE
"314",4,101,6,2,711.4415,715.0969,140,23.9293949900166,TRUE,TRUE,FALSE
"315",4,102,6,3,715.0969,718.6302,100,-1.29420582342358,TRUE,TRUE,FALSE
"316",4,103,6,4,718.6302,722.0526,40,6.2131410698669,TRUE,TRUE,FALSE
"317",4,104,6,5,722.0526,726.0305,60,-15.7673083150897,TRUE,TRUE,FALSE
"318",4,105,6,6,726.0305,729.4861,80,-26.5500113817213,TRUE,TRUE,FALSE
"319",4,106,6,7,729.4861,733.2304,120,14.5205486012035,TRUE,TRUE,FALSE
"320",4,107,6,8,733.2304,736.2972,80,-15.5170745310715,TRUE,TRUE,FALSE
"321",4,108,6,9,736.2972,739.4529,40,1.24465992679946,TRUE,TRUE,FALSE
"322",4,109,6,10,739.4529,742.5752,100,25.2724214485984,TRUE,TRUE,FALSE
"323",4,110,6,11,742.5752,747.1863,60,-3.22197516671146,TRUE,TRUE,FALSE
"324",4,111,6,12,747.1863,750.9752,140,24.2075964711428,TRUE,TRUE,FALSE
"325",4,127,8,1,810.7202,814.6204,100,-18.8492584707011,FALSE,TRUE,FALSE
"326",4,128,8,2,814.6204,819.6539,60,-29.6109060382254,FALSE,TRUE,FALSE
"327",4,129,8,3,819.6539,824.1206,120,1.44738977961212,FALSE,TRUE,FALSE
"328",4,130,8,4,824.1206,827.6205,40,-6.96847565158385,FALSE,TRUE,FALSE
"329",4,131,8,5,827.6205,830.8317,140,-0.0576708952470426,FALSE,TRUE,FALSE
"330",4,132,8,6,830.8317,834.1766,80,-22.1317044070602,FALSE,TRUE,FALSE
"331",4,133,8,7,834.1766,838.9766,40,-1.70983680775694,FALSE,TRUE,FALSE
"332",4,134,8,8,838.9766,842.1658,120,-7.89055165624832,FALSE,TRUE,FALSE
"333",4,135,8,9,842.1658,845.6431,60,-13.8114613907912,FALSE,TRUE,FALSE
"334",4,136,8,10,845.6431,849.1658,80,-32.0133630095248,FALSE,TRUE,FALSE
"335",4,137,8,11,849.1658,852.7654,140,27.727503428171,FALSE,TRUE,FALSE
"336",4,138,8,12,852.7654,856.621,100,-41.4211372860507,FALSE,TRUE,FALSE
"337",4,229,10,1,1221.892,1227.426,60,-25.5735234185609,TRUE,FALSE,TRUE
"338",4,230,10,2,1227.426,1231.415,40,-16.8991504006034,TRUE,FALSE,TRUE
"339",4,231,10,3,1231.415,1235.348,120,6.7307460566207,TRUE,FALSE,TRUE
"340",4,232,10,4,1235.348,1239.07,100,16.3180881396518,TRUE,FALSE,TRUE
"341",4,233,10,5,1239.07,1244.248,140,27.1449454454001,TRUE,FALSE,TRUE
"342",4,234,10,6,1244.248,1247.415,80,-27.3666694127687,TRUE,FALSE,TRUE
"343",4,235,10,7,1247.415,1250.182,80,-29.7615143692965,TRUE,FALSE,TRUE
"344",4,236,10,8,1250.182,1254.27,60,-13.6953527039216,TRUE,FALSE,TRUE
"345",4,237,10,9,1254.27,1257.649,120,13.7155564781992,TRUE,FALSE,TRUE
"346",4,238,10,10,1257.649,1262.037,40,-26.2284002829176,TRUE,FALSE,TRUE
"347",4,239,10,11,1262.037,1266.215,100,12.5625405254338,TRUE,FALSE,TRUE
"348",4,240,10,12,1266.215,1269.604,140,17.6571790290647,TRUE,FALSE,TRUE
"349",4,256,12,1,1318.16,1325.194,140,6.41098312676542,FALSE,FALSE,TRUE
"350",4,257,12,2,1325.194,1329.682,100,-26.3806004402841,FALSE,FALSE,TRUE
"351",4,258,12,3,1329.682,1332.994,80,-36.5412186437239,FALSE,FALSE,TRUE
"352",4,259,12,4,1332.994,1336.805,120,19.0063914716273,FALSE,FALSE,TRUE
"353",4,260,12,5,1336.805,1340.26,60,-28.6713071321959,FALSE,FALSE,TRUE
"354",4,261,12,6,1340.26,1345.138,40,-12.24145939894,FALSE,FALSE,TRUE
"355",4,262,12,7,1345.138,1349.505,120,4.66022418410023,FALSE,FALSE,TRUE
"356",4,263,12,8,1349.505,1353.827,40,-11.5513572259086,FALSE,FALSE,TRUE
"357",4,264,12,9,1353.827,1361.827,80,-32.5104470780008,FALSE,FALSE,TRUE
"358",4,265,12,10,1361.827,1366.094,100,-27.8188889145228,FALSE,FALSE,TRUE
"359",4,266,12,11,1366.094,1369.372,60,-33.9390042602401,FALSE,FALSE,TRUE
"360",4,267,12,12,1369.372,1373.005,140,4.54240011467388,FALSE,FALSE,TRUE
"361",4,283,14,1,1418.295,1424.761,40,-37.0922371365038,TRUE,TRUE,TRUE
"362",4,284,14,2,1424.761,1430.995,120,27.6947339848106,TRUE,TRUE,TRUE
"363",4,285,14,3,1430.995,1440.75,140,23.4791078109965,TRUE,TRUE,TRUE
"364",4,286,14,4,1440.75,1445.695,100,-42.8190839209945,TRUE,TRUE,TRUE
"365",4,287,14,5,1445.695,1449.006,80,-53.8169150276511,TRUE,TRUE,TRUE
"366",4,288,14,6,1449.006,1452.673,60,-18.286643051474,TRUE,TRUE,TRUE
"367",4,289,14,7,1452.673,1456.118,120,34.8797882576857,TRUE,TRUE,TRUE
"368",4,290,14,8,1456.118,1459.884,140,29.6805818683963,TRUE,TRUE,TRUE
"369",4,291,14,9,1459.884,1463.34,60,-27.104185376995,TRUE,TRUE,TRUE
"370",4,292,14,10,1463.34,1466.773,100,20.7232719861974,TRUE,TRUE,TRUE
"371",4,293,14,11,1466.773,1472.018,40,-10.5120487275613,TRUE,TRUE,TRUE
"372",4,294,14,12,1472.018,1477.551,80,-46.0004675384707,TRUE,TRUE,TRUE
"373",4,310,16,1,1526.585,1530.352,120,5.97472393563298,FALSE,TRUE,TRUE
"374",4,311,16,2,1530.352,1533.985,80,-40.6342666557674,FALSE,TRUE,TRUE
"375",4,312,16,3,1533.985,1538.052,40,-25.7552575269645,FALSE,TRUE,TRUE
"376",4,313,16,4,1538.052,1541.641,60,-41.7172982399533,FALSE,TRUE,TRUE
"377",4,314,16,5,1541.641,1544.685,140,37.3369992339329,FALSE,TRUE,TRUE
"378",4,315,16,6,1544.685,1548.307,100,-62.1980045635773,FALSE,TRUE,TRUE
"379",4,316,16,7,1548.307,1552.752,60,-38.72212389964,FALSE,TRUE,TRUE
"380",4,317,16,8,1552.752,1557.552,140,55.6355631748976,FALSE,TRUE,TRUE
"381",4,318,16,9,1557.552,1561.452,40,-18.7838496256184,FALSE,TRUE,TRUE
"382",4,319,16,10,1561.452,1564.874,120,28.5263945940551,FALSE,TRUE,TRUE
"383",4,320,16,11,1564.874,1571.541,100,-41.4295656148385,FALSE,TRUE,TRUE
"384",4,321,16,12,1571.541,1576.274,80,-60.4375384788437,FALSE,TRUE,TRUE
"385",5,46,2,1,543.0392,546.6505,80,-2.4109557406024,TRUE,FALSE,FALSE
"386",5,47,2,2,546.6505,551.1172,140,1.36943920611233,TRUE,FALSE,FALSE
"387",5,48,2,3,551.1172,563.14,60,-14.3338000298169,TRUE,FALSE,FALSE
"388",5,49,2,4,563.14,571.2288,100,-4.04016088928694,TRUE,FALSE,FALSE
"389",5,50,2,5,571.2288,582.6957,120,-6.38952864698169,TRUE,FALSE,FALSE
"390",5,51,2,6,582.6957,591.2845,40,-18.9740196203298,TRUE,FALSE,FALSE
"391",5,52,2,7,591.2845,603.1067,80,-11.8721886714882,TRUE,FALSE,FALSE
"392",5,53,2,8,603.1067,616.5068,140,1.14321519658446,TRUE,FALSE,FALSE
"393",5,54,2,9,616.5068,622.6627,40,3.16029696270388,TRUE,FALSE,FALSE
"394",5,55,2,10,622.6627,648.8074,60,-2.52854540433823,TRUE,FALSE,FALSE
"395",5,56,2,11,648.8074,653.1962,100,8.69898280418111,TRUE,FALSE,FALSE
"396",5,57,2,12,653.1962,657.5522,120,-6.23289229541842,TRUE,FALSE,FALSE
"397",5,73,4,1,712.7746,716.2745,120,-0.945395900922833,FALSE,FALSE,FALSE
"398",5,74,4,2,716.2745,719.9528,40,-13.1013527118665,FALSE,FALSE,FALSE
"399",5,75,4,3,719.9528,723.564,140,-21.0000848243523,FALSE,FALSE,FALSE
"400",5,76,4,4,723.564,727.8417,60,-18.0393995689269,FALSE,FALSE,FALSE
"401",5,77,4,5,727.8417,731.6749,100,-13.0722493741021,FALSE,FALSE,FALSE
"402",5,78,4,6,731.6749,735.1309,80,6.6433890492999,FALSE,FALSE,FALSE
"403",5,79,4,7,735.1309,739.0974,60,21.0919475739263,FALSE,FALSE,FALSE
"404",5,80,4,8,739.0974,742.9642,40,6.17875916991122,FALSE,FALSE,FALSE
"405",5,81,4,9,742.9642,746.7303,120,0.650667957052889,FALSE,FALSE,FALSE
"406",5,82,4,10,746.7303,750.5975,80,-21.4372645908085,FALSE,FALSE,FALSE
"407",5,83,4,11,750.5975,755.7866,140,-12.0318020393089,FALSE,FALSE,FALSE
"408",5,84,4,12,755.7866,759.931,100,-0.509945083824036,FALSE,FALSE,FALSE
"409",5,100,6,1,820.7984,827.7097,40,-28.548421882498,TRUE,TRUE,FALSE
"410",5,101,6,2,827.7097,831.8875,100,-6.60205237536199,TRUE,TRUE,FALSE
"411",5,102,6,3,831.8875,836.5096,80,-24.8887580918787,TRUE,TRUE,FALSE
"412",5,103,6,4,836.5096,840.2208,140,-3.99491399474579,TRUE,TRUE,FALSE
"413",5,104,6,5,840.2208,843.8209,60,-15.465809082765,TRUE,TRUE,FALSE
"414",5,105,6,6,843.8209,849.1655,120,11.304514723328,TRUE,TRUE,FALSE
"415",5,106,6,7,849.1655,854.0656,80,-27.3493490446406,TRUE,TRUE,FALSE
"416",5,107,6,8,854.0656,861.31,100,-5.9275607219807,TRUE,TRUE,FALSE
"417",5,108,6,9,861.31,873.977,60,-15.4620527214308,TRUE,TRUE,FALSE
"418",5,109,6,10,873.977,877.9329,120,0.7740361012482,TRUE,TRUE,FALSE
"419",5,110,6,11,877.9329,881.3771,40,13.0189205153513,TRUE,TRUE,FALSE
"420",5,111,6,12,881.3771,885.1658,140,-0.713896752600135,TRUE,TRUE,FALSE
"421",5,127,8,1,941.711,945.6888,100,12.2175942695183,FALSE,TRUE,FALSE
"422",5,128,8,2,945.6888,951.2111,80,-13.2439194436792,FALSE,TRUE,FALSE
"423",5,129,8,3,951.2111,954.611,120,18.6744995208297,FALSE,TRUE,FALSE
"424",5,130,8,4,954.611,958.4334,140,9.74356283647074,FALSE,TRUE,FALSE
"425",5,131,8,5,958.4334,962.0112,40,-17.1575742698679,FALSE,TRUE,FALSE
"426",5,132,8,6,962.0112,968.1669,60,-3.09839376183243,FALSE,TRUE,FALSE
"427",5,133,8,7,968.1669,972.0668,140,16.1198561534248,FALSE,TRUE,FALSE
"428",5,134,8,8,972.0668,976.0226,120,-11.2077016765139,FALSE,TRUE,FALSE
"429",5,135,8,9,976.0226,979.645,60,-23.059103902871,FALSE,TRUE,FALSE
"430",5,136,8,10,979.645,983.6005,80,6.35881474209867,FALSE,TRUE,FALSE
"431",5,137,8,11,983.6005,990.8895,40,-23.2694722422174,FALSE,TRUE,FALSE
"432",5,138,8,12,990.8895,994.3339,100,-1.39551840690734,FALSE,TRUE,FALSE
"433",5,229,10,1,1573.464,1578.53,100,-39.0877997961236,TRUE,FALSE,TRUE
"434",5,230,10,2,1578.53,1583.03,140,-29.0089010984997,TRUE,FALSE,TRUE
"435",5,231,10,3,1583.03,1586.852,60,-18.6247533320739,TRUE,FALSE,TRUE
"436",5,232,10,4,1586.852,1590.363,40,6.42026554639904,TRUE,FALSE,TRUE
"437",5,233,10,5,1590.363,1593.875,80,-9.57710580953085,TRUE,FALSE,TRUE
"438",5,234,10,6,1593.875,1597.763,120,-14.4110643248138,TRUE,FALSE,TRUE
"439",5,235,10,7,1597.763,1601.841,100,-40.3742568196139,TRUE,FALSE,TRUE
"440",5,236,10,8,1601.841,1604.941,60,-17.8438888701325,TRUE,FALSE,TRUE
"441",5,237,10,9,1604.941,1609.231,140,-17.7923020271409,TRUE,FALSE,TRUE
"442",5,238,10,10,1609.231,1615.208,120,-40.7931031202231,TRUE,FALSE,TRUE
"443",5,239,10,11,1615.208,1619.386,80,-18.5975085406177,TRUE,FALSE,TRUE
"444",5,240,10,12,1619.386,1623.042,40,-5.98065001017354,TRUE,FALSE,TRUE
"445",5,256,12,1,1679.787,1686.865,120,-21.1251476579643,FALSE,FALSE,TRUE
"446",5,257,12,2,1686.865,1691.031,100,-26.6667912329255,FALSE,FALSE,TRUE
"447",5,258,12,3,1691.031,1694.487,60,-10.5824906484649,FALSE,FALSE,TRUE
"448",5,259,12,4,1694.487,1697.687,80,1.29117208023625,FALSE,FALSE,TRUE
"449",5,260,12,5,1697.687,1700.82,40,11.2344800955412,FALSE,FALSE,TRUE
"450",5,261,12,6,1700.82,1704.82,140,-13.6447212652731,FALSE,FALSE,TRUE
"451",5,262,12,7,1704.82,1708.454,120,-14.7616002283361,FALSE,FALSE,TRUE
"452",5,263,12,8,1708.454,1711.765,80,-13.8910924015474,FALSE,FALSE,TRUE
"453",5,264,12,9,1711.765,1715.654,100,-2.24332853740762,FALSE,FALSE,TRUE
"454",5,265,12,10,1715.654,1718.732,60,-5.5376777919744,FALSE,FALSE,TRUE
"455",5,266,12,11,1718.732,1724.821,40,15.9070781630658,FALSE,FALSE,TRUE
"456",5,267,12,12,1724.821,1728.732,140,-17.1865771578838,FALSE,FALSE,TRUE
"457",5,283,14,1,1788.688,1793.333,40,-29.2514059941584,TRUE,TRUE,TRUE
"458",5,284,14,2,1793.333,1799.01,120,5.81303431664422,TRUE,TRUE,TRUE
"459",5,285,14,3,1799.01,1802.711,140,-13.2035113844722,TRUE,TRUE,TRUE
"460",5,286,14,4,1802.711,1806.01,80,-19.5175182859517,TRUE,TRUE,TRUE
"461",5,287,14,5,1806.01,1809.6,100,-0.595757629671496,TRUE,TRUE,TRUE
"462",5,288,14,6,1809.6,1812.855,60,-27.3431077526381,TRUE,TRUE,TRUE
"463",5,289,14,7,1812.855,1821.833,100,-9.27477570094075,TRUE,TRUE,TRUE
"464",5,290,14,8,1821.833,1828.122,120,1.72835799145157,TRUE,TRUE,TRUE
"465",5,291,14,9,1828.122,1831.722,80,-23.8847848035786,TRUE,TRUE,TRUE
"466",5,292,14,10,1831.722,1834.855,40,1.37574229329487,TRUE,TRUE,TRUE
"467",5,293,14,11,1834.855,1838.122,140,-6.02100481557264,TRUE,TRUE,TRUE
"468",5,294,14,12,1838.122,1841.3,60,-21.0672267814909,TRUE,TRUE,TRUE
"469",5,310,16,1,1901.801,1906.656,140,-4.10681967181199,FALSE,TRUE,TRUE
"470",5,311,16,2,1906.656,1910.567,120,-44.5470392620889,FALSE,TRUE,TRUE
"471",5,312,16,3,1910.567,1914.101,40,-4.82393172341589,FALSE,TRUE,TRUE
"472",5,313,16,4,1914.101,1920.501,100,9.08001222670467,FALSE,TRUE,TRUE
"473",5,314,16,5,1920.501,1925.168,80,-26.9712462067327,FALSE,TRUE,TRUE
"474",5,315,16,6,1925.168,1928.479,60,-24.9788586961913,FALSE,TRUE,TRUE
"475",5,316,16,7,1928.479,1933.834,120,6.14204123637165,FALSE,TRUE,TRUE
"476",5,317,16,8,1933.834,1937.057,100,-12.3404866607368,FALSE,TRUE,TRUE
"477",5,318,16,9,1937.057,1940.168,80,-22.8589993660291,FALSE,TRUE,TRUE
"478",5,319,16,10,1940.168,1943.246,40,-4.8437233906944,FALSE,TRUE,TRUE
"479",5,320,16,11,1943.246,1946.635,60,-7.51110079835995,FALSE,TRUE,TRUE
"480",5,321,16,12,1946.635,1950.701,140,1.2258290644258,FALSE,TRUE,TRUE
"481",6,46,2,1,348.4628,353.3849,140,-2.44024603551517,TRUE,FALSE,FALSE
"482",6,47,2,2,353.3849,357.9408,120,6.39213762629392,TRUE,FALSE,FALSE
"483",6,48,2,3,357.9408,362.8851,100,-5.44783663000759,TRUE,FALSE,FALSE
"484",6,49,2,4,362.8851,369.2406,40,-11.6522997303542,TRUE,FALSE,FALSE
"485",6,50,2,5,369.2406,372.9407,80,-29.4006606634794,TRUE,FALSE,FALSE
"486",6,51,2,6,372.9407,376.7853,60,-31.0490047925332,TRUE,FALSE,FALSE
"487",6,52,2,7,376.7853,380.5963,100,-36.565051177078,TRUE,FALSE,FALSE
"488",6,53,2,8,380.5963,384.3409,80,-29.2513365827123,TRUE,FALSE,FALSE
"489",6,54,2,9,384.3409,387.8856,40,-9.89222182270222,TRUE,FALSE,FALSE
"490",6,55,2,10,387.8856,391.93,120,-29.4560690672086,TRUE,FALSE,FALSE
"491",6,56,2,11,391.93,395.8413,60,-19.5139884580013,TRUE,FALSE,FALSE
"492",6,57,2,12,395.8413,399.3854,140,-34.571877821991,TRUE,FALSE,FALSE
"493",6,73,4,1,454.0308,457.731,60,-20.0311270467517,FALSE,FALSE,FALSE
"494",6,74,4,2,457.731,460.8531,80,-23.5053920026992,FALSE,FALSE,FALSE
"495",6,75,4,3,460.8531,464.0086,140,5.48243839755992,FALSE,FALSE,FALSE
"496",6,76,4,4,464.0086,467.331,40,-17.7996440239106,FALSE,FALSE,FALSE
"497",6,77,4,5,467.331,470.6975,120,-4.72227776444706,FALSE,FALSE,FALSE
"498",6,78,4,6,470.6975,476.0757,100,-16.519801751657,FALSE,FALSE,FALSE
"499",6,79,4,7,476.0757,479.3864,60,-28.1575427400148,FALSE,FALSE,FALSE
"500",6,80,4,8,479.3864,482.9091,120,-0.88013877707526,FALSE,FALSE,FALSE
"501",6,81,4,9,482.9091,486.4755,100,-24.8476164738746,FALSE,FALSE,FALSE
"502",6,82,4,10,486.4755,489.4536,40,-25.8423673503228,FALSE,FALSE,FALSE
"503",6,83,4,11,489.4536,493.0424,140,0.584502276986967,FALSE,FALSE,FALSE
"504",6,84,4,12,493.0424,498.5647,80,-26.069409899581,FALSE,FALSE,FALSE
"505",6,100,6,1,547.3541,552.7097,120,12.5330000307873,TRUE,TRUE,FALSE
"506",6,101,6,2,552.7097,556.6098,60,-32.8270588530833,TRUE,TRUE,FALSE
"507",6,102,6,3,556.6098,559.8987,80,-25.7022021912167,TRUE,TRUE,FALSE
"508",6,103,6,4,559.8987,563.1097,100,-1.77119700357446,TRUE,TRUE,FALSE
"509",6,104,6,5,563.1097,566.8875,40,-18.4407813758731,TRUE,TRUE,FALSE
"510",6,105,6,6,566.8875,570.2432,140,8.16725169487779,TRUE,TRUE,FALSE
"511",6,106,6,7,570.2432,573.5099,120,-6.17990471676012,TRUE,TRUE,FALSE
"512",6,107,6,8,573.5099,576.7322,100,-18.7040845862669,TRUE,TRUE,FALSE
"513",6,108,6,9,576.7322,579.9324,80,-29.1932730944684,TRUE,TRUE,FALSE
"514",6,109,6,10,579.9324,583.0879,140,13.0314640878633,TRUE,TRUE,FALSE
"515",6,110,6,11,583.0879,586.0549,60,-30.5809238482516,TRUE,TRUE,FALSE
"516",6,111,6,12,586.0549,589.1102,40,-21.109428339816,TRUE,TRUE,FALSE
"517",6,127,8,1,642.6555,645.7554,100,-10.5672664098579,FALSE,TRUE,FALSE
"518",6,128,8,2,645.7554,649.0222,120,11.9059419410829,FALSE,TRUE,FALSE
"519",6,129,8,3,649.0222,652.0889,80,-39.1330706199718,FALSE,TRUE,FALSE
"520",6,130,8,4,652.0889,655.1776,60,-25.2139729850705,FALSE,TRUE,FALSE
"521",6,131,8,5,655.1776,658.011,40,-17.0216826495727,FALSE,TRUE,FALSE
"522",6,132,8,6,658.011,661.2334,140,10.7086378290158,FALSE,TRUE,FALSE
"523",6,133,8,7,661.2334,664.2333,120,7.14257032619805,FALSE,TRUE,FALSE
"524",6,134,8,8,664.2333,671.2225,80,-13.4687357791221,FALSE,TRUE,FALSE
"525",6,135,8,9,671.2225,675.5225,140,-4.17310801872793,FALSE,TRUE,FALSE
"526",6,136,8,10,675.5225,678.3449,60,-20.5023404261825,FALSE,TRUE,FALSE
"527",6,137,8,11,678.3449,681.4666,40,-15.4803573118093,FALSE,TRUE,FALSE
"528",6,138,8,12,681.4666,686.8559,100,6.11723362760408,FALSE,TRUE,FALSE
"529",6,229,10,1,1086.372,1091.361,140,10.0436094031257,TRUE,FALSE,TRUE
"530",6,230,10,2,1091.361,1094.361,40,-23.4842974110469,TRUE,FALSE,TRUE
"531",6,231,10,3,1094.361,1097.294,120,-20.5376777919744,TRUE,FALSE,TRUE
"532",6,232,10,4,1097.294,1100.494,100,-37.9325951815356,TRUE,FALSE,TRUE
"533",6,233,10,5,1100.494,1103.372,60,-21.6604256512749,TRUE,FALSE,TRUE
"534",6,234,10,6,1103.372,1106.472,80,-15.3547570081568,TRUE,FALSE,TRUE
"535",6,235,10,7,1106.472,1114.817,120,-13.7676493388438,TRUE,FALSE,TRUE
"536",6,236,10,8,1114.817,1118.172,80,-20.7047943202544,TRUE,FALSE,TRUE
"537",6,237,10,9,1118.172,1123.006,60,-6.05347029949711,TRUE,FALSE,TRUE
"538",6,238,10,10,1123.006,1126.128,140,-7.79566231712425,TRUE,FALSE,TRUE
"539",6,239,10,11,1126.128,1129.628,40,-15.004303627671,TRUE,FALSE,TRUE
"540",6,240,10,12,1129.628,1132.817,100,-17.239837396622,TRUE,FALSE,TRUE
"541",6,256,12,1,1179.295,1182.951,140,-18.7420863173322,FALSE,FALSE,TRUE
"542",6,257,12,2,1182.951,1185.796,40,-21.4583552491758,FALSE,FALSE,TRUE
"543",6,258,12,3,1185.796,1188.573,80,-21.8274465766731,FALSE,FALSE,TRUE
"544",6,259,12,4,1188.573,1192.04,120,-6.85153701469333,FALSE,FALSE,TRUE
"545",6,260,12,5,1192.04,1195.107,60,-31.1078086991819,FALSE,FALSE,TRUE
"546",6,261,12,6,1195.107,1197.984,100,-16.3989566273689,FALSE,FALSE,TRUE
"547",6,262,12,7,1197.984,1200.973,40,-7.87809444919182,FALSE,FALSE,TRUE
"548",6,263,12,8,1200.973,1203.973,120,0.815705751729197,FALSE,FALSE,TRUE
"549",6,264,12,9,1203.973,1206.973,140,-0.69553103949201,FALSE,FALSE,TRUE
"550",6,265,12,10,1206.973,1211.04,60,-28.6122866637025,FALSE,FALSE,TRUE
"551",6,266,12,11,1211.04,1214.096,100,8.3294318528685,FALSE,FALSE,TRUE
"552",6,267,12,12,1214.096,1342.431,80,-18.3745225923791,FALSE,FALSE,TRUE
"553",6,283,14,1,1393.331,1399.787,120,-97.9555189679268,TRUE,TRUE,TRUE
"554",6,284,14,2,1399.787,1403.187,40,-36.9872124958167,TRUE,TRUE,TRUE
"555",6,285,14,3,1403.187,1406.709,100,-4.82117876812895,TRUE,TRUE,TRUE
"556",6,286,14,4,1406.709,1409.554,60,-38.4841152905049,TRUE,TRUE,TRUE
"557",6,287,14,5,1409.554,1412.932,140,6.55188956406226,TRUE,TRUE,TRUE
"558",6,288,14,6,1412.932,1416.02,80,-42.5785354748598,TRUE,TRUE,TRUE
"559",6,289,14,7,1416.02,1421.232,140,25.1159836627655,TRUE,TRUE,TRUE
"560",6,290,14,8,1421.232,1423.998,60,-37.1263348093733,TRUE,TRUE,TRUE
"561",6,291,14,9,1423.998,1427.165,120,4.99202019855868,TRUE,TRUE,TRUE
"562",6,292,14,10,1427.165,1429.965,80,-59.7493664907175,TRUE,TRUE,TRUE
"563",6,293,14,11,1429.965,1433.076,40,-20.5998023143792,TRUE,TRUE,TRUE
"564",6,294,14,12,1433.076,1436.71,100,-15.2096226966953,TRUE,TRUE,TRUE
"565",6,310,16,1,1483.199,1486.91,100,-34.6447749701083,FALSE,TRUE,TRUE
"566",6,311,16,2,1486.91,1490.21,60,-34.0934920004856,FALSE,TRUE,TRUE
"567",6,312,16,3,1490.21,1493.41,40,-37.3281354067274,FALSE,TRUE,TRUE
"568",6,313,16,4,1493.41,1496.31,80,-38.0832100099121,FALSE,TRUE,TRUE
"569",6,314,16,5,1496.31,1500.41,140,13.1239842805052,FALSE,TRUE,TRUE
"570",6,315,16,6,1500.41,1504.977,120,-12.6237849002808,FALSE,TRUE,TRUE
"571",6,316,16,7,1504.977,1509.21,40,-32.4994962542543,FALSE,TRUE,TRUE
"572",6,317,16,8,1509.21,1513.533,60,-48.3715643116526,FALSE,TRUE,TRUE
"573",6,318,16,9,1513.533,1519.166,100,-29.5094722001009,FALSE,TRUE,TRUE
"574",6,319,16,10,1519.166,1525.966,120,8.79392734319006,FALSE,TRUE,TRUE
"575",6,320,16,11,1525.966,1531.166,80,-68.7260799533639,FALSE,TRUE,TRUE
"576",6,321,16,12,1531.166,1538.155,140,22.6791582439166,FALSE,TRUE,TRUE
"577",7,46,2,1,609.5531,631.2202,100,-14.4671590613893,FALSE,FALSE,FALSE
"578",7,47,2,2,631.2202,646.4537,80,-23.2268942727395,FALSE,FALSE,FALSE
"579",7,48,2,3,646.4537,651.5317,140,-13.0933035284431,FALSE,FALSE,FALSE
"580",7,49,2,4,651.5317,655.0759,40,-6.35857064528523,FALSE,FALSE,FALSE
"581",7,50,2,5,655.0759,659.3206,120,-20.7164471947386,FALSE,FALSE,FALSE
"582",7,51,2,6,659.3206,663.1761,60,-29.1670555226312,FALSE,FALSE,FALSE
"583",7,52,2,7,663.1761,668.454,100,-21.5237217038973,FALSE,FALSE,FALSE
"584",7,53,2,8,668.454,673.054,120,-24.1769363236771,FALSE,FALSE,FALSE
"585",7,54,2,9,673.054,682.2209,140,-41.6492474676686,FALSE,FALSE,FALSE
"586",7,55,2,10,682.2209,687.0208,60,-30.8025139539355,FALSE,FALSE,FALSE
"587",7,56,2,11,687.0208,733.9437,40,-9.56752146239097,FALSE,FALSE,FALSE
"588",7,57,2,12,733.9437,739.1105,80,-31.2343714164356,FALSE,FALSE,FALSE
"589",7,73,4,1,793.5894,796.1779,80,-1.84207611532777,TRUE,FALSE,FALSE
"590",7,74,4,2,796.1779,799.7003,60,-14.3731565262055,TRUE,FALSE,FALSE
"591",7,75,4,3,799.7003,804.4005,40,-22.9235897151384,TRUE,FALSE,FALSE
"592",7,76,4,4,804.4005,808.4225,100,8.69420397442342,TRUE,FALSE,FALSE
"593",7,77,4,5,808.4225,812.4116,140,-11.8615220309124,TRUE,FALSE,FALSE
"594",7,78,4,6,812.4116,816.0115,120,-3.57927038044468,TRUE,FALSE,FALSE
"595",7,79,4,7,816.0115,820.0229,120,0.723271986197375,TRUE,FALSE,FALSE
"596",7,80,4,8,820.0229,823.2339,100,0.255081762536832,TRUE,FALSE,FALSE
"597",7,81,4,9,823.2339,826.4005,80,-12.9254007440384,TRUE,FALSE,FALSE
"598",7,82,4,10,826.4005,832.8449,60,-30.3476430949974,TRUE,FALSE,FALSE
"599",7,83,4,11,832.8449,835.9671,40,-16.8876333181962,TRUE,FALSE,FALSE
"600",7,84,4,12,835.9671,840.1897,140,15.8599603712154,TRUE,FALSE,FALSE
"601",7,100,6,1,886.6012,889.8457,40,-2.91021831489696,FALSE,TRUE,FALSE
"602",7,101,6,2,889.8457,894.3235,140,5.26514046021373,FALSE,TRUE,FALSE
"603",7,102,6,3,894.3235,897.2125,80,-16.4099885529149,FALSE,TRUE,FALSE
"604",7,103,6,4,897.2125,901.0347,120,24.5445255655582,FALSE,TRUE,FALSE
"605",7,104,6,5,901.0347,905.4237,100,-0.0125784249864438,FALSE,TRUE,FALSE
"606",7,105,6,6,905.4237,909.9349,60,-23.8565259034613,FALSE,TRUE,FALSE
"607",7,106,6,7,909.9349,915.8569,120,28.3924977537511,FALSE,TRUE,FALSE
"608",7,107,6,8,915.8569,920.4016,100,21.9873088302877,FALSE,TRUE,FALSE
"609",7,108,6,9,920.4016,923.946,40,-0.239543685429261,FALSE,TRUE,FALSE
"610",7,109,6,10,923.946,928.6238,140,22.1364316680686,FALSE,TRUE,FALSE
"611",7,110,6,11,928.6238,935.1022,80,-26.095677480916,FALSE,TRUE,FALSE
"612",7,111,6,12,935.1022,939.9576,60,-27.2968422578533,FALSE,TRUE,FALSE
"613",7,127,8,1,981.2913,985.2801,120,2.06194368281356,TRUE,TRUE,FALSE
"614",7,128,8,2,985.2801,988.6804,140,15.4235866793961,TRUE,TRUE,FALSE
"615",7,129,8,3,988.6804,993.7802,40,-38.6633410216709,TRUE,TRUE,FALSE
"616",7,130,8,4,993.7802,997.3915,100,21.7670659154997,TRUE,TRUE,FALSE
"617",7,131,8,5,997.3915,1000.469,80,-27.7968175611025,TRUE,TRUE,FALSE
"618",7,132,8,6,1000.469,1003.869,60,-51.5327149681591,TRUE,TRUE,FALSE
"619",7,133,8,7,1003.869,1008.491,120,45.3717916822337,TRUE,TRUE,FALSE
"620",7,134,8,8,1008.491,1012.637,140,39.280241638487,TRUE,TRUE,FALSE
"621",7,135,8,9,1012.637,1016.48,40,-25.8393809397804,TRUE,TRUE,FALSE
"622",7,136,8,10,1016.48,1023.914,80,-34.3041340604912,TRUE,TRUE,FALSE
"623",7,137,8,11,1023.914,1030.159,60,-7.16447489351145,TRUE,TRUE,FALSE
"624",7,138,8,12,1030.159,1035.181,100,24.1596945456694,TRUE,TRUE,FALSE
"625",7,229,10,1,1629.222,1639.222,60,-42.3032116561296,FALSE,FALSE,TRUE
"626",7,230,10,2,1639.222,1647.266,140,-33.0993926767787,FALSE,FALSE,TRUE
"627",7,231,10,3,1647.266,1655.777,80,-51.7680817413365,FALSE,FALSE,TRUE
"628",7,232,10,4,1655.777,1663.611,100,-32.875747310675,FALSE,FALSE,TRUE
"629",7,233,10,5,1663.611,1667.211,120,-30.3684565253377,FALSE,FALSE,TRUE
"630",7,234,10,6,1667.211,1670.989,40,-18.0763597027821,FALSE,FALSE,TRUE
"631",7,235,10,7,1670.989,1676.955,120,1.17459561540412,FALSE,FALSE,TRUE
"632",7,236,10,8,1676.955,1683.756,140,-12.5519914314231,FALSE,FALSE,TRUE
"633",7,237,10,9,1683.756,1687.567,40,6.64283203935528,FALSE,FALSE,TRUE
"634",7,238,10,10,1687.567,1692.489,80,-0.723056410263126,FALSE,FALSE,TRUE
"635",7,239,10,11,1692.489,1700.911,100,0.113074493424222,FALSE,FALSE,TRUE
"636",7,240,10,12,1700.911,1705.456,60,-10.6364886083381,FALSE,FALSE,TRUE
"637",7,256,12,1,1769.401,1772.368,80,-55.7882456890303,TRUE,FALSE,TRUE
"638",7,257,12,2,1772.368,1777.901,120,5.89086647972255,TRUE,FALSE,TRUE
"639",7,258,12,3,1777.901,1781.59,140,2.52382043863864,TRUE,FALSE,TRUE
"640",7,259,12,4,1781.59,1785.312,40,-16.0083082860988,TRUE,FALSE,TRUE
"641",7,260,12,5,1785.312,1791.301,100,15.3993095707768,TRUE,FALSE,TRUE
"642",7,261,12,6,1791.301,1797.346,60,-33.0167388814249,TRUE,FALSE,TRUE
"643",7,262,12,7,1797.346,1801.979,120,7.39103268682874,TRUE,FALSE,TRUE
"644",7,263,12,8,1801.979,1806.513,60,-28.1268630187273,TRUE,FALSE,TRUE
"645",7,264,12,9,1806.513,1812.391,40,-12.5729245954324,TRUE,FALSE,TRUE
"646",7,265,12,10,1812.391,1816.78,100,8.48915484223971,TRUE,FALSE,TRUE
"647",7,266,12,11,1816.78,1820.857,80,-24.9920201985587,TRUE,FALSE,TRUE
"648",7,267,12,12,1820.857,1824.991,140,-3.871782568188,TRUE,FALSE,TRUE
"649",7,283,14,1,1870.913,1875.98,100,-45.1541776321475,FALSE,TRUE,TRUE
"650",7,284,14,2,1875.98,1881.891,120,18.3197013325324,FALSE,TRUE,TRUE
"651",7,285,14,3,1881.891,1885.192,60,-20.6192447621765,FALSE,TRUE,TRUE
"652",7,286,14,4,1885.192,1889.391,140,8.72229713313354,FALSE,TRUE,TRUE
"653",7,287,14,5,1889.391,1893.68,40,-7.80426606528676,FALSE,TRUE,TRUE
"654",7,288,14,6,1893.68,1897.347,80,-10.6514109429568,FALSE,TRUE,TRUE
"655",7,289,14,7,1897.347,1902.414,120,5.09581678702615,FALSE,TRUE,TRUE
"656",7,290,14,8,1902.414,1905.636,60,-3.00443647599228,FALSE,TRUE,TRUE
"657",7,291,14,9,1905.636,1909.581,40,9.56322975423785,FALSE,TRUE,TRUE
"658",7,292,14,10,1909.581,1913.914,80,-10.3989094338782,FALSE,TRUE,TRUE
"659",7,293,14,11,1913.914,1917.347,100,-1.28254303540034,FALSE,TRUE,TRUE
"660",7,294,14,12,1917.347,1922.758,140,15.4184255174314,FALSE,TRUE,TRUE
"661",7,310,16,1,1970.515,1974.548,140,-9.89230707017273,TRUE,TRUE,TRUE
"662",7,311,16,2,1974.548,1980.892,40,-32.6710042851774,TRUE,TRUE,TRUE
"663",7,312,16,3,1980.892,1984.47,100,-13.6214847041173,TRUE,TRUE,TRUE
"664",7,313,16,4,1984.47,1989.059,60,-33.3510604794784,TRUE,TRUE,TRUE
"665",7,314,16,5,1989.059,1994.027,120,9.49452214202168,TRUE,TRUE,TRUE
"666",7,315,16,6,1994.027,2000.848,80,-44.5695773794734,TRUE,TRUE,TRUE
"667",7,316,16,7,2000.848,2004.126,40,-15.0299397463177,TRUE,TRUE,TRUE
"668",7,317,16,8,2004.126,2007.515,80,0.211463110559833,TRUE,TRUE,TRUE
"669",7,318,16,9,2007.515,2011.893,100,11.3567726734048,TRUE,TRUE,TRUE
"670",7,319,16,10,2011.893,2016.315,140,1.64307410258121,TRUE,TRUE,TRUE
"671",7,320,16,11,2016.315,2020.349,60,-11.5577847141027,TRUE,TRUE,TRUE
"672",7,321,16,12,2020.349,2024.604,120,53.6069686322613,TRUE,TRUE,TRUE
